Survived,Pclass,Age,SibSp,Parch,Fare,HasCabin,Fare_capped,FamilySize,IsAlone,Sex_male,Embarked_Q,Embarked_S,Title_Miss,Title_Mr,Title_Mrs,Title_Rare,Age_scaled,Fare_capped_scaled,FamilySize_scaled
0,3,22.0,1,0,7.25,0,7.25,2,0,True,False,True,False,True,False,False,-0.5348911628688886,-0.8205524467753036,0.059159876663617626
1,1,38.0,1,0,71.2833,1,65.6344,2,0,False,False,False,False,False,True,False,0.6683917564561223,2.0316232164746784,0.059159876663617626
1,3,26.0,0,0,7.925,0,7.925,1,1,False,False,True,True,False,False,False,-0.23407043303763592,-0.7875775669667633,-0.5609748304808925
1,1,35.0,1,0,53.1,1,53.1,2,0,False,False,True,False,False,True,False,0.4427762090826827,1.4192967965159125,0.059159876663617626
0,3,35.0,0,0,8.05,0,8.05,1,1,True,False,True,False,True,False,False,0.4427762090826827,-0.7814711077429595,-0.5609748304808925
0,3,25.0,0,0,8.4583,0,8.4583,1,1,True,True,False,False,True,False,False,-0.3092756154954491,-0.761524969334327,-0.5609748304808925
0,1,54.0,0,0,51.8625,1,51.8625,1,1,True,False,True,False,True,False,False,1.8716746757811333,1.358842850200255,-0.5609748304808925
0,3,2.0,3,1,21.075,0,21.075,5,0,True,False,True,False,False,False,False,-2.038994812025152,-0.14517805662260871,1.9195639980971482
1,3,27.0,0,2,11.1333,0,11.1333,3,0,False,False,True,False,False,True,False,-0.15886525057982273,-0.6308467419449267,0.6792945838081278
1,2,14.0,1,0,30.0708,0,30.0708,2,0,False,False,False,False,False,True,False,-1.136532622531394,0.2942818304613415,0.059159876663617626
1,3,4.0,1,1,16.7,1,16.7,3,0,False,False,True,True,False,False,False,-1.8885844471095259,-0.35890412945574,0.6792945838081278
1,1,58.0,0,0,26.55,1,26.55,1,1,False,False,True,True,False,False,False,2.172495405612386,0.12228485737999564,-0.5609748304808925
0,3,20.0,0,0,8.05,0,8.05,1,1,True,False,True,False,True,False,False,-0.685301527784515,-0.7814711077429595,-0.5609748304808925
0,3,39.0,1,5,31.275,0,31.275,7,0,True,False,True,False,True,False,False,0.7435969389139355,0.35310901603977735,3.1598334123861687
0,3,14.0,0,0,7.8542,0,7.8542,1,1,False,False,True,True,False,False,False,-1.136532622531394,-0.7910362654711258,-0.5609748304808925
1,2,55.0,0,0,16.0,0,16.0,1,1,False,False,True,False,False,True,False,1.9468798582389464,-0.393100301109041,-0.5609748304808925
0,3,2.0,4,1,29.125,0,29.125,6,0,True,True,False,False,False,False,False,-2.038994812025152,0.24807791739035287,2.5396987052416584
1,2,30.0,0,0,13.0,0,13.0,1,1,True,False,True,False,True,False,False,0.06675029679361683,-0.539655322480331,-0.5609748304808925
0,3,31.0,1,0,18.0,0,18.0,2,0,False,False,True,False,False,True,False,0.14195547925143,-0.29539695352818096,0.059159876663617626
1,3,21.5,0,0,7.225,0,7.225,1,1,False,False,False,False,False,True,False,-0.5724937540977952,-0.8217737386200644,-0.5609748304808925
0,2,35.0,0,0,26.0,0,26.0,1,1,True,False,True,False,True,False,False,0.4427762090826827,0.0954164367952591,-0.5609748304808925
1,2,34.0,0,0,13.0,1,13.0,1,1,True,False,True,False,True,False,False,0.36757102662486957,-0.539655322480331,-0.5609748304808925
1,3,15.0,0,0,8.0292,0,8.0292,1,1,False,True,False,True,False,False,False,-1.061327440073581,-0.7824872225578006,-0.5609748304808925
1,1,28.0,0,0,35.5,1,35.5,1,1,True,False,True,False,True,False,False,-0.08366006812200955,0.5595073378043441,-0.5609748304808925
0,3,8.0,3,1,21.075,0,21.075,5,0,False,False,True,True,False,False,False,-1.5877637172782733,-0.14517805662260871,1.9195639980971482
1,3,38.0,1,5,31.3875,0,31.3875,7,0,False,False,True,False,False,True,False,0.6683917564561223,0.35860482934120075,3.1598334123861687
0,3,25.0,0,0,7.225,0,7.225,1,1,True,False,False,False,True,False,False,-0.3092756154954491,-0.8217737386200644,-0.5609748304808925
0,1,19.0,3,2,263.0,1,65.6344,6,0,True,False,True,False,True,False,False,-0.7605067102423282,2.0316232164746784,2.5396987052416584
1,3,21.5,0,0,7.8792,0,7.8792,1,1,False,True,False,True,False,False,False,-0.5724937540977952,-0.789814973626365,-0.5609748304808925
0,3,25.0,0,0,7.8958,0,7.8958,1,1,True,False,True,False,True,False,False,-0.3092756154954491,-0.7890040358414437,-0.5609748304808925
0,1,40.0,0,0,27.7208,0,27.7208,1,1,True,False,False,False,False,False,True,0.8188021213717487,0.1794803970538311,-0.5609748304808925
1,1,35.0,1,0,146.5208,1,65.6344,2,0,False,False,False,False,False,True,False,0.4427762090826827,2.0316232164746784,0.059159876663617626
1,3,21.5,0,0,7.75,0,7.75,1,1,False,True,False,True,False,False,False,-0.5724937540977952,-0.7961266098800885,-0.5609748304808925
0,2,66.0,0,0,10.5,0,10.5,1,1,True,False,True,False,True,False,False,2.7741368652748912,-0.661784506956406,-0.5609748304808925
0,1,28.0,1,0,82.1708,0,65.6344,2,0,True,False,False,False,True,False,False,-0.08366006812200955,2.0316232164746784,0.059159876663617626
0,1,42.0,1,0,52.0,0,52.0,2,0,True,False,True,False,True,False,False,0.969212486287375,1.3655599553464393,0.059159876663617626
1,3,25.0,0,0,7.2292,0,7.2292,1,1,True,False,False,False,True,False,False,-0.3092756154954491,-0.8215685615901446,-0.5609748304808925
0,3,21.0,0,0,8.05,0,8.05,1,1,True,False,True,False,True,False,False,-0.6100963453267019,-0.7814711077429595,-0.5609748304808925
0,3,18.0,2,0,18.0,0,18.0,3,0,False,False,True,True,False,False,False,-0.8357118927001413,-0.29539695352818096,0.6792945838081278
1,3,14.0,1,0,11.2417,0,11.2417,2,0,False,False,False,True,False,False,False,-1.136532622531394,-0.6255512205060441,0.059159876663617626
0,3,40.0,1,0,9.475,0,9.475,2,0,False,False,True,False,False,True,False,0.8188021213717487,-0.7118574725915968,0.059159876663617626
0,2,27.0,1,0,21.0,0,21.0,2,0,False,False,True,False,False,True,False,-0.15886525057982273,-0.14884193215689093,0.059159876663617626
0,3,25.0,0,0,7.8958,0,7.8958,1,1,True,False,False,False,True,False,False,-0.3092756154954491,-0.7890040358414437,-0.5609748304808925
1,2,3.0,1,2,41.5792,0,41.5792,4,0,False,False,False,True,False,False,False,-1.9637896295673392,0.8564864331111263,1.299429290952638
1,3,19.0,0,0,7.8792,0,7.8792,1,1,False,True,False,True,False,False,False,-0.7605067102423282,-0.789814973626365,-0.5609748304808925
0,3,25.0,0,0,8.05,0,8.05,1,1,True,False,True,False,True,False,False,-0.3092756154954491,-0.7814711077429595,-0.5609748304808925
0,3,25.0,1,0,15.5,0,15.5,2,0,True,True,False,False,True,False,False,-0.3092756154954491,-0.417526138004256,0.059159876663617626
1,3,21.5,0,0,7.75,0,7.75,1,1,False,True,False,True,False,False,False,-0.5724937540977952,-0.7961266098800885,-0.5609748304808925
0,3,25.0,2,0,21.6792,0,21.6792,3,0,True,False,False,False,True,False,False,-0.3092756154954491,-0.1156618753184308,0.6792945838081278
0,3,18.0,1,0,17.8,0,17.8,2,0,False,False,True,False,False,True,False,-0.8357118927001413,-0.30516728828626694,0.059159876663617626
0,3,7.0,4,1,39.6875,0,39.6875,6,0,True,False,True,False,False,False,False,-1.6629688997360863,0.7640737218017698,2.5396987052416584
0,3,21.0,0,0,7.8,0,7.8,1,1,True,False,True,False,True,False,False,-0.6100963453267019,-0.793684026190567,-0.5609748304808925
1,1,49.0,1,0,76.7292,1,65.6344,2,0,False,False,False,False,False,True,False,1.4956487634920672,2.0316232164746784,0.059159876663617626
1,2,29.0,1,0,26.0,0,26.0,2,0,False,False,True,False,False,True,False,-0.008454885664196365,0.0954164367952591,0.059159876663617626
0,1,65.0,0,1,61.9792,1,61.9792,2,0,True,False,False,False,True,False,False,2.6989316828170784,1.8530605784358982,0.059159876663617626
1,1,40.0,0,0,35.5,1,35.5,1,1,True,False,True,False,True,False,False,0.8188021213717487,0.5595073378043441,-0.5609748304808925
1,2,21.0,0,0,10.5,0,10.5,1,1,False,False,True,True,False,False,False,-0.6100963453267019,-0.661784506956406,-0.5609748304808925
0,3,28.5,0,0,7.2292,0,7.2292,1,1,True,False,False,False,True,False,False,-0.04605747689310296,-0.8215685615901446,-0.5609748304808925
1,2,5.0,1,2,27.75,0,27.75,4,0,False,False,True,True,False,False,False,-1.8133792646517128,0.18090686592851163,1.299429290952638
0,3,11.0,5,2,46.9,0,46.9,8,0,True,False,True,False,False,False,False,-1.3621481699048337,1.1164164190152461,3.779968119530679
0,3,22.0,0,0,7.2292,0,7.2292,1,1,True,False,False,False,True,False,False,-0.5348911628688886,-0.8215685615901446,-0.5609748304808925
1,1,38.0,0,0,80.0,1,65.6344,1,1,False,False,True,True,False,False,False,0.6683917564561223,2.0316232164746784,-0.5609748304808925
0,1,45.0,1,0,83.475,1,65.6344,2,0,True,False,True,False,True,False,False,1.1948280336608146,2.0316232164746784,0.059159876663617626
0,3,4.0,3,2,27.9,0,27.9,6,0,True,False,True,False,False,False,False,-1.8885844471095259,0.18823461699707605,2.5396987052416584
0,1,40.0,0,0,27.7208,0,27.7208,1,1,True,False,False,False,True,False,False,0.8188021213717487,0.1794803970538311,-0.5609748304808925
1,3,25.0,1,1,15.2458,0,15.2458,3,0,True,False,False,False,False,False,False,-0.3092756154954491,-0.42994423348178334,0.6792945838081278
1,2,29.0,0,0,10.5,1,10.5,1,1,False,False,True,False,False,True,False,-0.008454885664196365,-0.661784506956406,-0.5609748304808925
0,3,19.0,0,0,8.1583,0,8.1583,1,1,True,False,True,False,True,False,False,-0.7605067102423282,-0.776180471471456,-0.5609748304808925
1,3,17.0,4,2,7.925,0,7.925,7,0,False,False,True,True,False,False,False,-0.9109170751579546,-0.7875775669667633,3.1598334123861687
0,3,26.0,2,0,8.6625,0,8.6625,3,0,True,False,True,False,True,False,False,-0.23407043303763592,-0.7515494575463212,0.6792945838081278
0,2,32.0,0,0,10.5,0,10.5,1,1,True,False,True,False,True,False,False,0.2171606617092432,-0.661784506956406,-0.5609748304808925
0,3,16.0,5,2,46.9,0,46.9,8,0,False,False,True,True,False,False,False,-0.9861222576157678,1.1164164190152461,3.779968119530679
0,2,21.0,0,0,73.5,0,65.6344,1,1,True,False,True,False,True,False,False,-0.6100963453267019,2.0316232164746784,-0.5609748304808925
0,3,26.0,1,0,14.4542,0,14.4542,2,0,True,False,False,False,True,False,False,-0.23407043303763592,-0.46861521845428766,0.059159876663617626
1,3,32.0,0,0,56.4958,0,56.4958,1,1,True,False,True,False,True,False,False,0.2171606617092432,1.5851873103734548,-0.5609748304808925
0,3,25.0,0,0,7.65,1,7.65,1,1,True,False,True,False,True,False,False,-0.3092756154954491,-0.8010117772591314,-0.5609748304808925
0,3,25.0,0,0,7.8958,0,7.8958,1,1,True,False,True,False,True,False,False,-0.3092756154954491,-0.7890040358414437,-0.5609748304808925
0,3,25.0,0,0,8.05,0,8.05,1,1,True,False,True,False,True,False,False,-0.3092756154954491,-0.7814711077429595,-0.5609748304808925
1,2,0.83,0,2,29.0,0,29.0,3,0,True,False,True,False,False,False,False,-2.126984875500794,0.24197145816654914,0.6792945838081278
1,3,30.0,0,0,12.475,0,12.475,1,1,False,False,True,True,False,False,False,0.06675029679361683,-0.5653024512203068,-0.5609748304808925
0,3,22.0,0,0,9.0,0,9.0,1,1,True,False,True,False,True,False,False,-0.5348911628688886,-0.735062017642051,-0.5609748304808925
1,3,29.0,0,0,9.5,0,9.5,1,1,True,False,True,False,True,False,False,-0.008454885664196365,-0.710636180746836,-0.5609748304808925
1,3,21.5,0,0,7.7875,0,7.7875,1,1,False,True,False,True,False,False,False,-0.5724937540977952,-0.7942946721129476,-0.5609748304808925
0,1,28.0,0,0,47.1,0,47.1,1,1,True,False,True,False,True,False,False,-0.08366006812200955,1.1261867537733323,-0.5609748304808925
1,2,17.0,0,0,10.5,0,10.5,1,1,False,False,True,True,False,False,False,-0.9109170751579546,-0.661784506956406,-0.5609748304808925
1,3,33.0,3,0,15.85,0,15.85,4,0,False,False,True,False,False,True,False,0.29236584416705635,-0.4004280521776055,1.299429290952638
0,3,16.0,1,3,34.375,0,34.375,5,0,True,False,True,False,True,False,False,-0.9861222576157678,0.5045492047901105,1.9195639980971482
0,3,25.0,0,0,8.05,0,8.05,1,1,True,False,True,False,True,False,False,-0.3092756154954491,-0.7814711077429595,-0.5609748304808925
1,1,23.0,3,2,263.0,1,65.6344,6,0,False,False,True,True,False,False,False,-0.45968598041107545,2.0316232164746784,2.5396987052416584
0,3,24.0,0,0,8.05,0,8.05,1,1,True,False,True,False,True,False,False,-0.3844807979532623,-0.7814711077429595,-0.5609748304808925
0,3,29.0,0,0,8.05,0,8.05,1,1,True,False,True,False,True,False,False,-0.008454885664196365,-0.7814711077429595,-0.5609748304808925
0,3,20.0,0,0,7.8542,0,7.8542,1,1,True,False,True,False,True,False,False,-0.685301527784515,-0.7910362654711258,-0.5609748304808925
0,1,46.0,1,0,61.175,1,61.175,2,0,True,False,True,False,True,False,False,1.2700332161186279,1.8137740623736347,0.059159876663617626
0,3,26.0,1,2,20.575,0,20.575,4,0,True,False,True,False,True,False,False,-0.23407043303763592,-0.16960389351782373,1.299429290952638
0,3,59.0,0,0,7.25,0,7.25,1,1,True,False,True,False,True,False,False,2.2477005880701992,-0.8205524467753036,-0.5609748304808925
0,3,25.0,0,0,8.05,0,8.05,1,1,True,False,True,False,True,False,False,-0.3092756154954491,-0.7814711077429595,-0.5609748304808925
0,1,71.0,0,0,34.6542,1,34.6542,1,1,True,False,False,False,True,False,False,3.1501627775639576,0.5181885921123986,-0.5609748304808925
1,1,23.0,0,1,63.3583,1,63.3583,2,0,True,False,False,False,True,False,False,-0.45968598041107545,1.9204319217602805,0.059159876663617626
1,2,34.0,0,1,23.0,0,23.0,2,0,False,False,True,False,False,True,False,0.36757102662486957,-0.051138584576030925,0.059159876663617626
0,2,34.0,1,0,26.0,0,26.0,2,0,True,False,True,False,True,False,False,0.36757102662486957,0.0954164367952591,0.059159876663617626
0,3,28.0,0,0,7.8958,0,7.8958,1,1,False,False,True,True,False,False,False,-0.08366006812200955,-0.7890040358414437,-0.5609748304808925
0,3,25.0,0,0,7.8958,0,7.8958,1,1,True,False,True,False,True,False,False,-0.3092756154954491,-0.7890040358414437,-0.5609748304808925
0,1,21.0,0,1,77.2875,1,65.6344,2,0,True,False,True,False,True,False,False,-0.6100963453267019,2.0316232164746784,0.059159876663617626
0,3,33.0,0,0,8.6542,0,8.6542,1,1,True,False,True,False,True,False,False,0.29236584416705635,-0.7519549264387818,-0.5609748304808925
0,3,37.0,2,0,7.925,0,7.925,3,0,True,False,True,False,True,False,False,0.5931865739983091,-0.7875775669667633,0.6792945838081278
0,3,28.0,0,0,7.8958,0,7.8958,1,1,True,False,True,False,True,False,False,-0.08366006812200955,-0.7890040358414437,-0.5609748304808925
1,3,21.0,0,0,7.65,0,7.65,1,1,False,False,True,True,False,False,False,-0.6100963453267019,-0.8010117772591314,-0.5609748304808925
1,3,25.0,0,0,7.775,0,7.775,1,1,True,False,True,False,True,False,False,-0.3092756154954491,-0.7949053180353277,-0.5609748304808925
0,3,38.0,0,0,7.8958,0,7.8958,1,1,True,False,True,False,True,False,False,0.6683917564561223,-0.7890040358414437,-0.5609748304808925
1,3,21.5,1,0,24.15,0,24.15,2,0,False,True,False,True,False,False,False,-0.5724937540977952,0.005040840282963516,0.059159876663617626
0,1,47.0,0,0,52.0,1,52.0,1,1,True,False,True,False,True,False,False,1.345238398576441,1.3655599553464393,-0.5609748304808925
0,3,14.5,1,0,14.4542,0,14.4542,2,0,False,False,False,True,False,False,False,-1.0989300313024875,-0.46861521845428766,0.059159876663617626
0,3,22.0,0,0,8.05,0,8.05,1,1,True,False,True,False,True,False,False,-0.5348911628688886,-0.7814711077429595,-0.5609748304808925
0,3,20.0,1,0,9.825,0,9.825,2,0,False,False,True,True,False,False,False,-0.685301527784515,-0.6947593867649463,0.059159876663617626
0,3,17.0,0,0,14.4583,0,14.4583,1,1,False,False,False,True,False,False,False,-0.9109170751579546,-0.46841492659174694,-0.5609748304808925
0,3,21.0,0,0,7.925,0,7.925,1,1,True,False,True,False,True,False,False,-0.6100963453267019,-0.7875775669667633,-0.5609748304808925
0,3,70.5,0,0,7.75,0,7.75,1,1,True,True,False,False,True,False,False,3.1125601863350507,-0.7961266098800885,-0.5609748304808925
0,2,29.0,1,0,21.0,0,21.0,2,0,True,False,True,False,True,False,False,-0.008454885664196365,-0.14884193215689093,0.059159876663617626
0,1,24.0,0,1,247.5208,1,65.6344,2,0,True,False,False,False,True,False,False,-0.3844807979532623,2.0316232164746784,0.059159876663617626
0,3,2.0,4,2,31.275,0,31.275,7,0,False,False,True,True,False,False,False,-2.038994812025152,0.35310901603977735,3.1598334123861687
0,2,21.0,2,0,73.5,0,65.6344,3,0,True,False,True,False,True,False,False,-0.6100963453267019,2.0316232164746784,0.6792945838081278
0,3,25.0,0,0,8.05,0,8.05,1,1,True,False,True,False,True,False,False,-0.3092756154954491,-0.7814711077429595,-0.5609748304808925
0,2,32.5,1,0,30.0708,0,30.0708,2,0,True,False,False,False,True,False,False,0.2547632529381498,0.2942818304613415,0.059159876663617626
1,2,32.5,0,0,13.0,1,13.0,1,1,False,False,True,True,False,False,False,0.2547632529381498,-0.539655322480331,-0.5609748304808925
0,1,54.0,0,1,77.2875,1,65.6344,2,0,True,False,True,False,True,False,False,1.8716746757811333,2.0316232164746784,0.059159876663617626
1,3,12.0,1,0,11.2417,0,11.2417,2,0,True,False,False,False,False,False,False,-1.2869429874470204,-0.6255512205060441,0.059159876663617626
0,3,25.0,0,0,7.75,0,7.75,1,1,True,True,False,False,True,False,False,-0.3092756154954491,-0.7961266098800885,-0.5609748304808925
1,3,24.0,0,0,7.1417,0,7.1417,1,1,True,False,True,False,True,False,False,-0.3844807979532623,-0.8258430830468071,-0.5609748304808925
1,3,21.5,1,1,22.3583,1,22.3583,3,0,False,False,False,True,False,False,False,-0.5724937540977952,-0.08248670364734986,0.6792945838081278
0,3,45.0,0,0,6.975,0,6.975,1,1,True,False,True,False,True,False,False,1.1948280336608146,-0.8339866570676719,-0.5609748304808925
0,3,33.0,0,0,7.8958,0,7.8958,1,1,True,False,False,False,True,False,False,0.29236584416705635,-0.7890040358414437,-0.5609748304808925
0,3,20.0,0,0,7.05,0,7.05,1,1,True,False,True,False,True,False,False,-0.685301527784515,-0.8303227815333896,-0.5609748304808925
0,3,47.0,1,0,14.5,0,14.5,2,0,False,False,True,False,False,True,False,1.345238398576441,-0.466377811794686,0.059159876663617626
1,2,29.0,1,0,26.0,0,26.0,2,0,False,False,True,False,False,True,False,-0.008454885664196365,0.0954164367952591,0.059159876663617626
0,2,25.0,0,0,13.0,0,13.0,1,1,True,False,True,False,True,False,False,-0.3092756154954491,-0.539655322480331,-0.5609748304808925
0,2,23.0,0,0,15.0458,0,15.0458,1,1,True,False,False,False,True,False,False,-0.45968598041107545,-0.4397145682398693,-0.5609748304808925
1,1,19.0,0,2,26.2833,1,26.2833,3,0,False,False,True,True,False,False,False,-0.7605067102423282,0.10925611598008794,0.6792945838081278
0,1,37.0,1,0,53.1,1,53.1,2,0,True,False,True,False,True,False,False,0.5931865739983091,1.4192967965159125,0.059159876663617626
0,3,16.0,0,0,9.2167,0,9.2167,1,1,True,False,True,False,True,False,False,-0.9861222576157678,-0.7244758599316649,-0.5609748304808925
0,1,24.0,0,0,79.2,1,65.6344,1,1,True,False,False,False,True,False,False,-0.3844807979532623,2.0316232164746784,-0.5609748304808925
0,3,21.5,0,2,15.2458,0,15.2458,3,0,False,False,False,False,False,True,False,-0.5724937540977952,-0.42994423348178334,0.6792945838081278
1,3,22.0,0,0,7.75,0,7.75,1,1,False,False,True,True,False,False,False,-0.5348911628688886,-0.7961266098800885,-0.5609748304808925
1,3,24.0,1,0,15.85,0,15.85,2,0,False,False,True,False,False,True,False,-0.3844807979532623,-0.4004280521776055,0.059159876663617626
0,3,19.0,0,0,6.75,0,6.75,1,1,True,True,False,False,True,False,False,-0.7605067102423282,-0.8449782836705185,-0.5609748304808925
0,2,18.0,0,0,11.5,0,11.5,1,1,True,False,True,False,True,False,False,-0.8357118927001413,-0.612932833165976,-0.5609748304808925
0,2,19.0,1,1,36.75,0,36.75,3,0,True,False,True,False,True,False,False,-0.7605067102423282,0.6205719300423816,0.6792945838081278
1,3,27.0,0,0,7.7958,0,7.7958,1,1,True,False,True,False,True,False,False,-0.15886525057982273,-0.7938892032204868,-0.5609748304808925
0,3,9.0,2,2,34.375,0,34.375,5,0,False,False,True,True,False,False,False,-1.51255853482046,0.5045492047901105,1.9195639980971482
0,2,36.5,0,2,26.0,1,26.0,3,0,True,False,True,False,True,False,False,0.5555839827694025,0.0954164367952591,0.6792945838081278
0,2,42.0,0,0,13.0,0,13.0,1,1,True,False,True,False,False,False,True,0.969212486287375,-0.539655322480331,-0.5609748304808925
0,2,51.0,0,0,12.525,0,12.525,1,1,True,False,True,False,False,False,True,1.6460591284076938,-0.5628598675307852,-0.5609748304808925
1,1,22.0,1,0,66.6,1,65.6344,2,0,False,False,True,False,False,True,False,-0.5348911628688886,2.0316232164746784,0.059159876663617626
0,3,55.5,0,0,8.05,0,8.05,1,1,True,False,True,False,True,False,False,1.984482449467853,-0.7814711077429595,-0.5609748304808925
0,3,40.5,0,2,14.5,0,14.5,3,0,True,False,True,False,True,False,False,0.8564047126006552,-0.466377811794686,0.6792945838081278
0,3,25.0,0,0,7.3125,0,7.3125,1,1,True,False,True,False,True,False,False,-0.3092756154954491,-0.8174992171634017,-0.5609748304808925
0,1,51.0,0,1,61.3792,0,61.3792,2,0,True,False,False,False,True,False,False,1.6460591284076938,1.8237495741616405,0.059159876663617626
1,3,16.0,0,0,7.7333,0,7.7333,1,1,False,True,False,True,False,False,False,-0.9861222576157678,-0.7969424328323887,-0.5609748304808925
0,3,30.0,0,0,8.05,0,8.05,1,1,True,False,True,False,True,False,False,0.06675029679361683,-0.7814711077429595,-0.5609748304808925
0,3,25.0,0,0,8.6625,0,8.6625,1,1,True,False,True,False,True,False,False,-0.3092756154954491,-0.7515494575463212,-0.5609748304808925
0,3,25.0,8,2,69.55,0,65.6344,11,0,True,False,True,False,False,False,False,-0.3092756154954491,2.0316232164746784,5.64037224096421
0,3,44.0,0,1,16.1,0,16.1,2,0,True,False,True,False,True,False,False,1.1196228512030013,-0.3882151337299979,0.059159876663617626
1,2,40.0,0,0,15.75,0,15.75,1,1,False,False,True,False,False,True,False,0.8188021213717487,-0.4053132195566485,-0.5609748304808925
0,3,26.0,0,0,7.775,0,7.775,1,1,True,False,True,False,True,False,False,-0.23407043303763592,-0.7949053180353277,-0.5609748304808925
0,3,17.0,0,0,8.6625,0,8.6625,1,1,True,False,True,False,True,False,False,-0.9109170751579546,-0.7515494575463212,-0.5609748304808925
0,3,1.0,4,1,39.6875,0,39.6875,6,0,True,False,True,False,False,False,False,-2.1141999944829655,0.7640737218017698,2.5396987052416584
1,3,9.0,0,2,20.525,0,20.525,3,0,True,False,True,False,False,False,False,-1.51255853482046,-0.17204647720734526,0.6792945838081278
1,1,35.0,0,1,55.0,1,55.0,2,0,False,False,True,False,False,True,False,0.4427762090826827,1.5121149767177293,0.059159876663617626
0,3,45.0,1,4,27.9,0,27.9,6,0,False,False,True,False,False,True,False,1.1948280336608146,0.18823461699707605,2.5396987052416584
0,1,40.0,0,0,25.925,0,25.925,1,1,True,False,True,False,True,False,False,0.8188021213717487,0.09175256126097689,-0.5609748304808925
0,3,28.0,0,0,56.4958,0,56.4958,1,1,True,False,True,False,True,False,False,-0.08366006812200955,1.5851873103734548,-0.5609748304808925
0,1,61.0,0,0,33.5,1,33.5,1,1,True,False,True,False,True,False,False,2.3981109529858253,0.4618039902234842,-0.5609748304808925
0,3,4.0,4,1,29.125,0,29.125,6,0,True,True,False,False,False,False,False,-1.8885844471095259,0.24807791739035287,2.5396987052416584
1,3,1.0,1,1,11.1333,0,11.1333,3,0,False,False,True,True,False,False,False,-2.1141999944829655,-0.6308467419449267,0.6792945838081278
0,3,21.0,0,0,7.925,0,7.925,1,1,True,False,True,False,True,False,False,-0.6100963453267019,-0.7875775669667633,-0.5609748304808925
0,1,56.0,0,0,30.6958,1,30.6958,1,1,True,False,False,False,True,False,False,2.0220850406967594,0.32481412658036024,-0.5609748304808925
0,3,18.0,1,1,7.8542,0,7.8542,3,0,True,False,True,False,True,False,False,-0.8357118927001413,-0.7910362654711258,0.6792945838081278
0,3,25.0,3,1,25.4667,0,25.4667,5,0,True,False,True,False,False,False,False,-0.3092756154954491,0.06936383916282275,1.9195639980971482
0,1,50.0,0,0,28.7125,1,28.7125,1,1,False,False,False,True,False,False,False,1.5708539459498805,0.22792660195180042,-0.5609748304808925
0,2,30.0,0,0,13.0,0,13.0,1,1,True,False,True,False,True,False,False,0.06675029679361683,-0.539655322480331,-0.5609748304808925
0,3,36.0,0,0,0.0,0,0.0,1,1,True,False,True,False,True,False,False,0.5179813915404959,-1.1747270817559212,-0.5609748304808925
0,3,21.5,8,2,69.55,0,65.6344,11,0,False,False,True,True,False,False,False,-0.5724937540977952,2.0316232164746784,5.64037224096421
0,2,30.0,0,0,15.05,0,15.05,1,1,True,False,False,False,True,False,False,0.06675029679361683,-0.4395093912099495,-0.5609748304808925
0,3,9.0,4,2,31.3875,0,31.3875,7,0,True,False,True,False,False,False,False,-1.51255853482046,0.35860482934120075,3.1598334123861687
1,2,1.0,2,1,39.0,1,39.0,4,0,True,False,True,False,False,False,False,-2.1141999944829655,0.7304881960708492,1.299429290952638
1,3,4.0,0,2,22.025,0,22.025,3,0,False,False,True,True,False,False,False,-1.8885844471095259,-0.09876896652170025,0.6792945838081278
0,1,40.0,0,0,50.0,1,50.0,1,1,True,False,True,False,True,False,False,0.8188021213717487,1.2678566077655793,-0.5609748304808925
1,3,21.5,1,0,15.5,0,15.5,2,0,False,True,False,False,False,True,False,-0.5724937540977952,-0.417526138004256,0.059159876663617626
1,1,45.0,0,0,26.55,0,26.55,1,1,True,False,True,False,True,False,False,1.1948280336608146,0.12228485737999564,-0.5609748304808925
0,3,40.0,1,1,15.5,0,15.5,3,0,True,True,False,False,True,False,False,0.8188021213717487,-0.417526138004256,0.6792945838081278
0,3,36.0,0,0,7.8958,0,7.8958,1,1,True,False,True,False,True,False,False,0.5179813915404959,-0.7890040358414437,-0.5609748304808925
1,2,32.0,0,0,13.0,0,13.0,1,1,False,False,True,False,False,True,False,0.2171606617092432,-0.539655322480331,-0.5609748304808925
0,2,19.0,0,0,13.0,0,13.0,1,1,True,False,True,False,True,False,False,-0.7605067102423282,-0.539655322480331,-0.5609748304808925
1,3,19.0,1,0,7.8542,0,7.8542,2,0,False,False,True,True,False,False,False,-0.7605067102423282,-0.7910362654711258,0.059159876663617626
1,2,3.0,1,1,26.0,1,26.0,3,0,True,False,True,False,False,False,False,-1.9637896295673392,0.0954164367952591,0.6792945838081278
1,1,44.0,0,0,27.7208,1,27.7208,1,1,False,False,False,False,False,True,False,1.1196228512030013,0.1794803970538311,-0.5609748304808925
1,1,58.0,0,0,146.5208,1,65.6344,1,1,False,False,False,True,False,False,False,2.172495405612386,2.0316232164746784,-0.5609748304808925
0,3,25.0,0,0,7.75,0,7.75,1,1,True,True,False,False,True,False,False,-0.3092756154954491,-0.7961266098800885,-0.5609748304808925
0,3,42.0,0,1,8.4042,0,8.4042,2,0,True,False,True,False,True,False,False,0.969212486287375,-0.7641678448863892,0.059159876663617626
1,3,21.5,0,0,7.75,0,7.75,1,1,False,True,False,True,False,False,False,-0.5724937540977952,-0.7961266098800885,-0.5609748304808925
0,2,24.0,0,0,13.0,0,13.0,1,1,False,False,True,True,False,False,False,-0.3844807979532623,-0.539655322480331,-0.5609748304808925
0,3,28.0,0,0,9.5,0,9.5,1,1,True,False,True,False,True,False,False,-0.08366006812200955,-0.710636180746836,-0.5609748304808925
0,3,25.0,8,2,69.55,0,65.6344,11,0,True,False,True,False,True,False,False,-0.3092756154954491,2.0316232164746784,5.64037224096421
0,3,34.0,0,0,6.4958,0,6.4958,1,1,True,False,True,False,True,False,False,0.36757102662486957,-0.8573963791480459,-0.5609748304808925
0,3,45.5,0,0,7.225,0,7.225,1,1,True,False,False,False,True,False,False,1.2324306248897212,-0.8217737386200644,-0.5609748304808925
1,3,18.0,0,0,8.05,0,8.05,1,1,True,False,True,False,True,False,False,-0.8357118927001413,-0.7814711077429595,-0.5609748304808925
0,3,2.0,0,1,10.4625,1,10.4625,2,0,False,False,True,True,False,False,False,-2.038994812025152,-0.6636164447235471,0.059159876663617626
0,3,32.0,1,0,15.85,0,15.85,2,0,True,False,True,False,True,False,False,0.2171606617092432,-0.4004280521776055,0.059159876663617626
1,3,26.0,0,0,18.7875,0,18.7875,1,1,True,False,False,False,True,False,False,-0.23407043303763592,-0.25692626041821726,-0.5609748304808925
1,3,16.0,0,0,7.75,0,7.75,1,1,False,True,False,True,False,False,False,-0.9861222576157678,-0.7961266098800885,-0.5609748304808925
1,1,40.0,0,0,31.0,1,31.0,1,1,True,False,False,False,True,False,False,0.8188021213717487,0.33967480574740916,-0.5609748304808925
0,3,24.0,0,0,7.05,0,7.05,1,1,True,False,True,False,True,False,False,-0.3844807979532623,-0.8303227815333896,-0.5609748304808925
1,2,35.0,0,0,21.0,0,21.0,1,1,False,False,True,True,False,False,False,0.4427762090826827,-0.14884193215689093,-0.5609748304808925
0,3,22.0,0,0,7.25,0,7.25,1,1,True,False,True,False,True,False,False,-0.5348911628688886,-0.8205524467753036,-0.5609748304808925
0,2,30.0,0,0,13.0,0,13.0,1,1,True,False,True,False,True,False,False,0.06675029679361683,-0.539655322480331,-0.5609748304808925
0,3,25.0,1,0,7.75,0,7.75,2,0,True,True,False,False,True,False,False,-0.3092756154954491,-0.7961266098800885,0.059159876663617626
1,1,31.0,1,0,113.275,1,65.6344,2,0,False,False,False,True,False,False,False,0.14195547925143,2.0316232164746784,0.059159876663617626
1,3,27.0,0,0,7.925,0,7.925,1,1,False,False,True,True,False,False,False,-0.15886525057982273,-0.7875775669667633,-0.5609748304808925
0,2,42.0,1,0,27.0,0,27.0,2,0,True,False,True,False,True,False,False,0.969212486287375,0.1442681105856891,0.059159876663617626
1,1,32.0,0,0,76.2917,1,65.6344,1,1,False,False,False,True,False,False,False,0.2171606617092432,2.0316232164746784,-0.5609748304808925
0,2,30.0,0,0,10.5,0,10.5,1,1,True,False,True,False,True,False,False,0.06675029679361683,-0.661784506956406,-0.5609748304808925
1,3,16.0,0,0,8.05,0,8.05,1,1,True,False,True,False,True,False,False,-0.9861222576157678,-0.7814711077429595,-0.5609748304808925
0,2,27.0,0,0,13.0,0,13.0,1,1,True,False,True,False,True,False,False,-0.15886525057982273,-0.539655322480331,-0.5609748304808925
0,3,51.0,0,0,8.05,0,8.05,1,1,True,False,True,False,True,False,False,1.6460591284076938,-0.7814711077429595,-0.5609748304808925
0,3,25.0,0,0,7.8958,0,7.8958,1,1,True,False,True,False,True,False,False,-0.3092756154954491,-0.7890040358414437,-0.5609748304808925
1,1,38.0,1,0,90.0,1,65.6344,2,0,True,False,True,False,True,False,False,0.6683917564561223,2.0316232164746784,0.059159876663617626
0,3,22.0,0,0,9.35,0,9.35,1,1,True,False,True,False,True,False,False,-0.5348911628688886,-0.7179639318154005,-0.5609748304808925
1,2,19.0,0,0,10.5,0,10.5,1,1,True,False,True,False,True,False,False,-0.7605067102423282,-0.661784506956406,-0.5609748304808925
0,3,20.5,0,0,7.25,0,7.25,1,1,True,False,True,False,True,False,False,-0.6476989365556084,-0.8205524467753036,-0.5609748304808925
0,2,18.0,0,0,13.0,0,13.0,1,1,True,False,True,False,True,False,False,-0.8357118927001413,-0.539655322480331,-0.5609748304808925
0,3,21.5,3,1,25.4667,0,25.4667,5,0,False,False,True,True,False,False,False,-0.5724937540977952,0.06936383916282275,1.9195639980971482
1,1,35.0,1,0,83.475,1,65.6344,2,0,False,False,True,False,False,True,False,0.4427762090826827,2.0316232164746784,0.059159876663617626
0,3,29.0,0,0,7.775,0,7.775,1,1,True,False,True,False,True,False,False,-0.008454885664196365,-0.7949053180353277,-0.5609748304808925
0,2,59.0,0,0,13.5,0,13.5,1,1,True,False,True,False,True,False,False,2.2477005880701992,-0.515229485585116,-0.5609748304808925
1,3,5.0,4,2,31.3875,0,31.3875,7,0,False,False,True,True,False,False,False,-1.8133792646517128,0.35860482934120075,3.1598334123861687
0,2,24.0,0,0,10.5,0,10.5,1,1,True,False,True,False,True,False,False,-0.3844807979532623,-0.661784506956406,-0.5609748304808925
0,3,21.5,0,0,7.55,0,7.55,1,1,False,False,True,True,False,False,False,-0.5724937540977952,-0.8058969446381745,-0.5609748304808925
0,2,44.0,1,0,26.0,0,26.0,2,0,True,False,True,False,True,False,False,1.1196228512030013,0.0954164367952591,0.059159876663617626
1,2,8.0,0,2,26.25,0,26.25,3,0,False,False,True,True,False,False,False,-1.5877637172782733,0.1076293552428666,0.6792945838081278
0,2,19.0,0,0,10.5,0,10.5,1,1,True,False,True,False,True,False,False,-0.7605067102423282,-0.661784506956406,-0.5609748304808925
0,2,33.0,0,0,12.275,0,12.275,1,1,True,False,True,False,True,False,False,0.29236584416705635,-0.5750727859783927,-0.5609748304808925
0,3,21.5,1,0,14.4542,0,14.4542,2,0,False,False,False,True,False,False,False,-0.5724937540977952,-0.46861521845428766,0.059159876663617626
1,3,21.5,1,0,15.5,0,15.5,2,0,False,True,False,True,False,False,False,-0.5724937540977952,-0.417526138004256,0.059159876663617626
0,2,29.0,0,0,10.5,0,10.5,1,1,True,False,True,False,True,False,False,-0.008454885664196365,-0.661784506956406,-0.5609748304808925
0,3,22.0,0,0,7.125,0,7.125,1,1,True,False,True,False,True,False,False,-0.5348911628688886,-0.8266589059991073,-0.5609748304808925
0,3,30.0,0,0,7.225,0,7.225,1,1,True,False,False,False,True,False,False,0.06675029679361683,-0.8217737386200644,-0.5609748304808925
0,1,44.0,2,0,90.0,1,65.6344,3,0,True,True,False,False,False,False,True,1.1196228512030013,2.0316232164746784,0.6792945838081278
0,3,25.0,0,0,7.775,0,7.775,1,1,False,False,True,True,False,False,False,-0.3092756154954491,-0.7949053180353277,-0.5609748304808925
1,2,24.0,0,2,14.5,0,14.5,3,0,False,False,True,False,False,True,False,-0.3844807979532623,-0.466377811794686,0.6792945838081278
1,1,37.0,1,1,52.5542,1,52.5542,3,0,True,False,True,False,True,False,False,0.5931865739983091,1.3926335529610958,0.6792945838081278
0,2,54.0,1,0,26.0,0,26.0,2,0,True,False,True,False,False,False,True,1.8716746757811333,0.0954164367952591,0.059159876663617626
0,3,25.0,0,0,7.25,0,7.25,1,1,True,False,True,False,True,False,False,-0.3092756154954491,-0.8205524467753036,-0.5609748304808925
0,3,29.0,1,1,10.4625,1,10.4625,3,0,False,False,True,False,False,True,False,-0.008454885664196365,-0.6636164447235471,0.6792945838081278
0,1,62.0,0,0,26.55,1,26.55,1,1,True,False,True,False,True,False,False,2.4733161354436386,0.12228485737999564,-0.5609748304808925
0,3,30.0,1,0,16.1,0,16.1,2,0,True,False,True,False,True,False,False,0.06675029679361683,-0.3882151337299979,0.059159876663617626
0,3,41.0,0,2,20.2125,0,20.2125,3,0,False,False,True,False,False,True,False,0.8940073038295618,-0.18731262526685463,0.6792945838081278
1,3,29.0,0,2,15.2458,0,15.2458,3,0,False,False,False,False,False,True,False,-0.008454885664196365,-0.42994423348178334,0.6792945838081278
1,1,35.0,0,0,79.2,0,65.6344,1,1,False,False,False,False,False,True,False,0.4427762090826827,2.0316232164746784,-0.5609748304808925
1,1,30.0,0,0,86.5,1,65.6344,1,1,False,False,True,True,False,False,False,0.06675029679361683,2.0316232164746784,-0.5609748304808925
1,1,35.0,0,0,512.3292,0,65.6344,1,1,False,False,False,True,False,False,False,0.4427762090826827,2.0316232164746784,-0.5609748304808925
1,2,50.0,0,1,26.0,0,26.0,2,0,False,False,True,False,False,True,False,1.5708539459498805,0.0954164367952591,0.059159876663617626
0,3,25.0,0,0,7.75,0,7.75,1,1,True,True,False,False,True,False,False,-0.3092756154954491,-0.7961266098800885,-0.5609748304808925
1,3,3.0,4,2,31.3875,0,31.3875,7,0,True,False,True,False,False,False,False,-1.9637896295673392,0.35860482934120075,3.1598334123861687
0,1,52.0,1,1,79.65,1,65.6344,3,0,True,False,True,False,True,False,False,1.7212643108655068,2.0316232164746784,0.6792945838081278
0,1,40.0,0,0,0.0,1,0.0,1,1,True,False,True,False,True,False,False,0.8188021213717487,-1.1747270817559212,-0.5609748304808925
0,3,21.5,0,0,7.75,0,7.75,1,1,False,True,False,True,False,False,False,-0.5724937540977952,-0.7961266098800885,-0.5609748304808925
0,2,36.0,0,0,10.5,0,10.5,1,1,True,False,True,False,True,False,False,0.5179813915404959,-0.661784506956406,-0.5609748304808925
0,3,16.0,4,1,39.6875,0,39.6875,6,0,True,False,True,False,True,False,False,-0.9861222576157678,0.7640737218017698,2.5396987052416584
1,3,25.0,1,0,7.775,0,7.775,2,0,True,False,True,False,True,False,False,-0.3092756154954491,-0.7949053180353277,0.059159876663617626
1,1,58.0,0,1,153.4625,1,65.6344,2,0,False,False,True,False,False,True,False,2.172495405612386,2.0316232164746784,0.059159876663617626
1,1,35.0,0,0,135.6333,1,65.6344,1,1,False,False,True,True,False,False,False,0.4427762090826827,2.0316232164746784,-0.5609748304808925
0,1,40.0,0,0,31.0,0,31.0,1,1,True,False,True,False,True,False,False,0.8188021213717487,0.33967480574740916,-0.5609748304808925
1,3,25.0,0,0,0.0,0,0.0,1,1,True,False,True,False,True,False,False,-0.3092756154954491,-1.1747270817559212,-0.5609748304808925
1,2,41.0,0,1,19.5,0,19.5,2,0,False,False,True,False,False,True,False,0.8940073038295618,-0.22211944284253596,0.059159876663617626
0,1,37.0,0,1,29.7,1,29.7,2,0,True,False,False,False,True,False,False,0.5931865739983091,0.2761676298198501,0.059159876663617626
1,3,21.5,0,0,7.75,0,7.75,1,1,False,True,False,True,False,False,False,-0.5724937540977952,-0.7961266098800885,-0.5609748304808925
1,1,63.0,1,0,77.9583,1,65.6344,2,0,False,False,True,True,False,False,False,2.548521317901452,2.0316232164746784,0.059159876663617626
0,3,45.0,0,0,7.75,0,7.75,1,1,False,False,True,True,False,False,False,1.1948280336608146,-0.7961266098800885,-0.5609748304808925
0,2,30.0,0,0,0.0,0,0.0,1,1,True,False,True,False,True,False,False,0.06675029679361683,-1.1747270817559212,-0.5609748304808925
0,3,7.0,4,1,29.125,0,29.125,6,0,True,True,False,False,False,False,False,-1.6629688997360863,0.24807791739035287,2.5396987052416584
1,3,35.0,1,1,20.25,0,20.25,3,0,False,False,True,False,False,True,False,0.4427762090826827,-0.18548068749971344,0.6792945838081278
0,3,65.0,0,0,7.75,0,7.75,1,1,True,True,False,False,True,False,False,2.6989316828170784,-0.7961266098800885,-0.5609748304808925
0,3,28.0,0,0,7.8542,0,7.8542,1,1,True,False,True,False,True,False,False,-0.08366006812200955,-0.7910362654711258,-0.5609748304808925
0,3,16.0,0,0,9.5,0,9.5,1,1,True,False,True,False,True,False,False,-0.9861222576157678,-0.710636180746836,-0.5609748304808925
1,3,19.0,0,0,8.05,0,8.05,1,1,True,False,True,False,True,False,False,-0.7605067102423282,-0.7814711077429595,-0.5609748304808925
0,1,40.0,0,0,26.0,1,26.0,1,1,True,False,True,False,True,False,False,0.8188021213717487,0.0954164367952591,-0.5609748304808925
0,3,33.0,0,0,8.6625,0,8.6625,1,1,True,False,False,False,True,False,False,0.29236584416705635,-0.7515494575463212,-0.5609748304808925
1,3,30.0,0,0,9.5,0,9.5,1,1,True,False,True,False,True,False,False,0.06675029679361683,-0.710636180746836,-0.5609748304808925
0,3,22.0,0,0,7.8958,0,7.8958,1,1,True,False,True,False,True,False,False,-0.5348911628688886,-0.7890040358414437,-0.5609748304808925
1,2,42.0,0,0,13.0,0,13.0,1,1,True,False,True,False,True,False,False,0.969212486287375,-0.539655322480331,-0.5609748304808925
1,3,22.0,0,0,7.75,0,7.75,1,1,False,True,False,True,False,False,False,-0.5348911628688886,-0.7961266098800885,-0.5609748304808925
1,1,26.0,0,0,78.85,0,65.6344,1,1,False,False,True,True,False,False,False,-0.23407043303763592,2.0316232164746784,-0.5609748304808925
1,1,19.0,1,0,91.0792,1,65.6344,2,0,False,False,False,False,False,True,False,-0.7605067102423282,2.0316232164746784,0.059159876663617626
0,2,36.0,0,0,12.875,1,12.875,1,1,True,False,False,False,True,False,False,0.5179813915404959,-0.5457617817041348,-0.5609748304808925
0,3,24.0,0,0,8.85,0,8.85,1,1,False,False,True,True,False,False,False,-0.3844807979532623,-0.7423897687106156,-0.5609748304808925
0,3,24.0,0,0,7.8958,0,7.8958,1,1,True,False,True,False,True,False,False,-0.3844807979532623,-0.7890040358414437,-0.5609748304808925
0,1,40.0,0,0,27.7208,0,27.7208,1,1,True,False,False,False,True,False,False,0.8188021213717487,0.1794803970538311,-0.5609748304808925
0,3,23.5,0,0,7.2292,0,7.2292,1,1,True,False,False,False,True,False,False,-0.42208338918216887,-0.8215685615901446,-0.5609748304808925
0,1,2.0,1,2,151.55,1,65.6344,4,0,False,False,True,True,False,False,False,-2.038994812025152,2.0316232164746784,1.299429290952638
1,1,40.0,0,0,30.5,1,30.5,1,1,True,False,True,False,True,False,False,0.8188021213717487,0.3152489688521941,-0.5609748304808925
1,1,50.0,0,1,247.5208,1,65.6344,2,0,False,False,False,False,False,True,False,1.5708539459498805,2.0316232164746784,0.059159876663617626
1,3,21.5,0,0,7.75,0,7.75,1,1,False,True,False,True,False,False,False,-0.5724937540977952,-0.7961266098800885,-0.5609748304808925
1,3,25.0,2,0,23.25,0,23.25,3,0,True,True,False,False,True,False,False,-0.3092756154954491,-0.03892566612842342,0.6792945838081278
0,3,19.0,0,0,0.0,0,0.0,1,1,True,False,True,False,True,False,False,-0.7605067102423282,-1.1747270817559212,-0.5609748304808925
1,2,28.0,0,0,12.35,1,12.35,1,1,False,True,False,True,False,False,False,-0.08366006812200955,-0.5714089104441106,-0.5609748304808925
0,3,25.0,0,0,8.05,0,8.05,1,1,True,False,True,False,True,False,False,-0.3092756154954491,-0.7814711077429595,-0.5609748304808925
1,1,0.92,1,2,151.55,1,65.6344,4,0,True,False,True,False,False,False,False,-2.1202164090795903,2.0316232164746784,1.299429290952638
1,1,35.0,0,0,110.8833,0,65.6344,1,1,False,False,False,True,False,False,False,0.4427762090826827,2.0316232164746784,-0.5609748304808925
1,1,17.0,1,0,108.9,1,65.6344,2,0,False,False,False,False,False,True,False,-0.9109170751579546,2.0316232164746784,0.059159876663617626
0,2,30.0,1,0,24.0,0,24.0,2,0,True,False,False,False,True,False,False,0.06675029679361683,-0.002286910785600916,0.059159876663617626
1,1,30.0,0,0,56.9292,1,56.9292,1,1,False,False,False,True,False,False,False,0.06675029679361683,1.6063596257942268,-0.5609748304808925
1,1,24.0,0,0,83.1583,1,65.6344,1,1,False,False,False,True,False,False,False,-0.3844807979532623,2.0316232164746784,-0.5609748304808925
1,1,18.0,2,2,262.375,1,65.6344,5,0,False,False,False,True,False,False,False,-0.8357118927001413,2.0316232164746784,1.9195639980971482
0,2,26.0,1,1,26.0,0,26.0,3,0,False,False,True,False,False,True,False,-0.23407043303763592,0.0954164367952591,0.6792945838081278
0,3,28.0,0,0,7.8958,0,7.8958,1,1,True,False,True,False,True,False,False,-0.08366006812200955,-0.7890040358414437,-0.5609748304808925
0,2,43.0,1,1,26.25,0,26.25,3,0,True,False,True,False,True,False,False,1.0444176687451883,0.1076293552428666,0.6792945838081278
1,3,26.0,0,0,7.8542,0,7.8542,1,1,False,False,True,True,False,False,False,-0.23407043303763592,-0.7910362654711258,-0.5609748304808925
1,2,24.0,1,0,26.0,0,26.0,2,0,False,False,True,False,False,True,False,-0.3844807979532623,0.0954164367952591,0.059159876663617626
0,2,54.0,0,0,14.0,0,14.0,1,1,True,False,True,False,False,False,True,1.8716746757811333,-0.490803648689901,-0.5609748304808925
1,1,31.0,0,2,164.8667,1,65.6344,3,0,False,False,True,True,False,False,False,0.14195547925143,2.0316232164746784,0.6792945838081278
1,1,40.0,1,1,134.5,1,65.6344,3,0,False,False,False,False,False,True,False,0.8188021213717487,2.0316232164746784,0.6792945838081278
0,3,22.0,0,0,7.25,0,7.25,1,1,True,False,True,False,True,False,False,-0.5348911628688886,-0.8205524467753036,-0.5609748304808925
0,3,27.0,0,0,7.8958,0,7.8958,1,1,True,False,True,False,True,False,False,-0.15886525057982273,-0.7890040358414437,-0.5609748304808925
1,2,30.0,0,0,12.35,0,12.35,1,1,False,True,False,True,False,False,False,0.06675029679361683,-0.5714089104441106,-0.5609748304808925
1,2,22.0,1,1,29.0,0,29.0,3,0,False,False,True,False,False,True,False,-0.5348911628688886,0.24197145816654914,0.6792945838081278
0,3,25.0,8,2,69.55,0,65.6344,11,0,True,False,True,False,True,False,False,-0.3092756154954491,2.0316232164746784,5.64037224096421
1,1,36.0,0,0,135.6333,1,65.6344,1,1,False,False,False,True,False,False,False,0.5179813915404959,2.0316232164746784,-0.5609748304808925
0,3,61.0,0,0,6.2375,0,6.2375,1,1,True,False,True,False,True,False,False,2.3981109529858253,-0.8700147664881139,-0.5609748304808925
1,2,36.0,0,0,13.0,1,13.0,1,1,False,False,True,False,False,True,False,0.5179813915404959,-0.539655322480331,-0.5609748304808925
1,3,31.0,1,1,20.525,0,20.525,3,0,False,False,True,False,False,True,False,0.14195547925143,-0.17204647720734526,0.6792945838081278
1,1,16.0,0,1,57.9792,1,57.9792,2,0,False,False,False,True,False,False,False,-0.9861222576157678,1.6576538832741783,0.059159876663617626
1,3,21.5,2,0,23.25,0,23.25,3,0,False,True,False,True,False,False,False,-0.5724937540977952,-0.03892566612842342,0.6792945838081278
0,1,45.5,0,0,28.5,1,28.5,1,1,True,False,True,False,True,False,False,1.2324306248897212,0.21754562127133412,-0.5609748304808925
0,1,38.0,0,1,153.4625,1,65.6344,2,0,True,False,True,False,True,False,False,0.6683917564561223,2.0316232164746784,0.059159876663617626
0,3,16.0,2,0,18.0,0,18.0,3,0,True,False,True,False,True,False,False,-0.9861222576157678,-0.29539695352818096,0.6792945838081278
1,1,35.0,1,0,133.65,0,65.6344,2,0,False,False,True,False,False,True,False,0.4427762090826827,2.0316232164746784,0.059159876663617626
0,3,25.0,0,0,7.8958,0,7.8958,1,1,True,False,True,False,True,False,False,-0.3092756154954491,-0.7890040358414437,-0.5609748304808925
0,1,29.0,1,0,66.6,1,65.6344,2,0,True,False,True,False,True,False,False,-0.008454885664196365,2.0316232164746784,0.059159876663617626
1,1,41.0,0,0,134.5,1,65.6344,1,1,False,False,False,True,False,False,False,0.8940073038295618,2.0316232164746784,-0.5609748304808925
1,3,45.0,0,0,8.05,0,8.05,1,1,True,False,True,False,True,False,False,1.1948280336608146,-0.7814711077429595,-0.5609748304808925
0,1,45.0,0,0,35.5,1,35.5,1,1,True,False,True,False,True,False,False,1.1948280336608146,0.5595073378043441,-0.5609748304808925
1,2,2.0,1,1,26.0,1,26.0,3,0,True,False,True,False,False,False,False,-2.038994812025152,0.0954164367952591,0.6792945838081278
1,1,24.0,3,2,263.0,1,65.6344,6,0,False,False,True,True,False,False,False,-0.3844807979532623,2.0316232164746784,2.5396987052416584
0,2,28.0,0,0,13.0,0,13.0,1,1,True,False,True,False,True,False,False,-0.08366006812200955,-0.539655322480331,-0.5609748304808925
0,2,25.0,0,0,13.0,0,13.0,1,1,True,False,True,False,True,False,False,-0.3092756154954491,-0.539655322480331,-0.5609748304808925
0,2,36.0,0,0,13.0,0,13.0,1,1,True,False,True,False,True,False,False,0.5179813915404959,-0.539655322480331,-0.5609748304808925
1,2,24.0,0,0,13.0,1,13.0,1,1,False,False,True,True,False,False,False,-0.3844807979532623,-0.539655322480331,-0.5609748304808925
1,2,40.0,0,0,13.0,0,13.0,1,1,False,False,True,True,False,False,False,0.8188021213717487,-0.539655322480331,-0.5609748304808925
1,3,21.5,1,0,16.1,0,16.1,2,0,False,False,True,False,False,True,False,-0.5724937540977952,-0.3882151337299979,0.059159876663617626
1,3,3.0,1,1,15.9,0,15.9,3,0,True,False,True,False,False,False,False,-1.9637896295673392,-0.39798546848808397,0.6792945838081278
0,3,42.0,0,0,8.6625,0,8.6625,1,1,True,False,True,False,True,False,False,0.969212486287375,-0.7515494575463212,-0.5609748304808925
0,3,23.0,0,0,9.225,0,9.225,1,1,True,False,True,False,True,False,False,-0.45968598041107545,-0.7240703910392043,-0.5609748304808925
0,1,40.0,0,0,35.0,1,35.0,1,1,True,False,True,False,True,False,False,0.8188021213717487,0.5350815009091292,-0.5609748304808925
0,3,15.0,1,1,7.2292,0,7.2292,3,0,True,False,False,False,True,False,False,-1.061327440073581,-0.8215685615901446,0.6792945838081278
0,3,25.0,1,0,17.8,0,17.8,2,0,True,False,True,False,True,False,False,-0.3092756154954491,-0.30516728828626694,0.059159876663617626
0,3,25.0,0,0,7.225,0,7.225,1,1,True,False,False,False,True,False,False,-0.3092756154954491,-0.8217737386200644,-0.5609748304808925
0,3,28.0,0,0,9.5,0,9.5,1,1,True,False,True,False,True,False,False,-0.08366006812200955,-0.710636180746836,-0.5609748304808925
1,1,22.0,0,1,55.0,1,55.0,2,0,False,False,True,True,False,False,False,-0.5348911628688886,1.5121149767177293,0.059159876663617626
0,2,38.0,0,0,13.0,0,13.0,1,1,False,False,True,True,False,False,False,0.6683917564561223,-0.539655322480331,-0.5609748304808925
1,3,21.5,0,0,7.8792,0,7.8792,1,1,False,True,False,True,False,False,False,-0.5724937540977952,-0.789814973626365,-0.5609748304808925
1,3,21.5,0,0,7.8792,0,7.8792,1,1,False,True,False,True,False,False,False,-0.5724937540977952,-0.789814973626365,-0.5609748304808925
0,3,40.0,1,4,27.9,0,27.9,6,0,True,False,True,False,True,False,False,0.8188021213717487,0.18823461699707605,2.5396987052416584
0,2,29.0,1,0,27.7208,0,27.7208,2,0,True,False,False,False,True,False,False,-0.008454885664196365,0.1794803970538311,0.059159876663617626
0,3,45.0,0,1,14.4542,0,14.4542,2,0,False,False,False,False,False,True,False,1.1948280336608146,-0.46861521845428766,0.059159876663617626
0,3,35.0,0,0,7.05,0,7.05,1,1,True,False,True,False,True,False,False,0.4427762090826827,-0.8303227815333896,-0.5609748304808925
0,3,25.0,1,0,15.5,0,15.5,2,0,True,True,False,False,True,False,False,-0.3092756154954491,-0.417526138004256,0.059159876663617626
0,3,30.0,0,0,7.25,0,7.25,1,1,True,False,True,False,True,False,False,0.06675029679361683,-0.8205524467753036,-0.5609748304808925
1,1,60.0,1,0,75.25,1,65.6344,2,0,False,False,False,False,False,True,False,2.3229057705280125,2.0316232164746784,0.059159876663617626
1,3,21.5,0,0,7.2292,0,7.2292,1,1,False,False,False,False,False,True,False,-0.5724937540977952,-0.8215685615901446,-0.5609748304808925
1,3,21.5,0,0,7.75,0,7.75,1,1,False,True,False,True,False,False,False,-0.5724937540977952,-0.7961266098800885,-0.5609748304808925
1,1,24.0,0,0,69.3,1,65.6344,1,1,False,False,False,False,False,False,True,-0.3844807979532623,2.0316232164746784,-0.5609748304808925
1,1,25.0,1,0,55.4417,1,55.4417,2,0,True,False,False,False,True,False,False,-0.3092756154954491,1.533692761030962,0.059159876663617626
0,3,18.0,1,0,6.4958,0,6.4958,2,0,True,False,True,False,True,False,False,-0.8357118927001413,-0.8573963791480459,0.059159876663617626
0,3,19.0,0,0,8.05,0,8.05,1,1,True,False,True,False,True,False,False,-0.7605067102423282,-0.7814711077429595,-0.5609748304808925
0,1,22.0,0,0,135.6333,0,65.6344,1,1,True,False,False,False,True,False,False,-0.5348911628688886,2.0316232164746784,-0.5609748304808925
0,3,3.0,3,1,21.075,0,21.075,5,0,False,False,True,True,False,False,False,-1.9637896295673392,-0.14517805662260871,1.9195639980971482
1,1,35.0,1,0,82.1708,0,65.6344,2,0,False,False,False,False,False,True,False,0.4427762090826827,2.0316232164746784,0.059159876663617626
1,3,22.0,0,0,7.25,0,7.25,1,1,False,False,True,True,False,False,False,-0.5348911628688886,-0.8205524467753036,-0.5609748304808925
0,1,27.0,0,2,211.5,1,65.6344,3,0,True,False,False,False,True,False,False,-0.15886525057982273,2.0316232164746784,0.6792945838081278
0,3,20.0,0,0,4.0125,0,4.0125,1,1,True,False,False,False,True,False,False,-0.685301527784515,-0.9787097406718207,-0.5609748304808925
0,3,19.0,0,0,7.775,0,7.775,1,1,True,False,True,False,True,False,False,-0.7605067102423282,-0.7949053180353277,-0.5609748304808925
1,1,42.0,0,0,227.525,0,65.6344,1,1,False,False,False,True,False,False,False,0.969212486287375,2.0316232164746784,-0.5609748304808925
1,3,1.0,0,2,15.7417,0,15.7417,3,0,False,False,False,True,False,False,False,-2.1141999944829655,-0.4057186884491091,0.6792945838081278
0,3,32.0,0,0,7.925,0,7.925,1,1,True,False,True,False,True,False,False,0.2171606617092432,-0.7875775669667633,-0.5609748304808925
1,1,35.0,1,0,52.0,0,52.0,2,0,False,False,True,False,False,True,False,0.4427762090826827,1.3655599553464393,0.059159876663617626
0,3,25.0,0,0,7.8958,0,7.8958,1,1,True,False,True,False,True,False,False,-0.3092756154954491,-0.7890040358414437,-0.5609748304808925
0,2,18.0,0,0,73.5,0,65.6344,1,1,True,False,True,False,True,False,False,-0.8357118927001413,2.0316232164746784,-0.5609748304808925
0,3,1.0,5,2,46.9,0,46.9,8,0,True,False,True,False,False,False,False,-2.1141999944829655,1.1164164190152461,3.779968119530679
1,2,36.0,0,0,13.0,0,13.0,1,1,False,False,True,True,False,False,False,0.5179813915404959,-0.539655322480331,-0.5609748304808925
0,3,25.0,0,0,7.7292,0,7.7292,1,1,True,True,False,False,True,False,False,-0.3092756154954491,-0.7971427246949295,-0.5609748304808925
1,2,17.0,0,0,12.0,0,12.0,1,1,False,False,False,True,False,False,False,-0.9109170751579546,-0.588506996270761,-0.5609748304808925
1,1,36.0,1,2,120.0,1,65.6344,4,0,True,False,True,False,True,False,False,0.5179813915404959,2.0316232164746784,1.299429290952638
1,3,21.0,0,0,7.7958,0,7.7958,1,1,True,False,True,False,True,False,False,-0.6100963453267019,-0.7938892032204868,-0.5609748304808925
0,3,28.0,2,0,7.925,0,7.925,3,0,True,False,True,False,True,False,False,-0.08366006812200955,-0.7875775669667633,0.6792945838081278
1,1,23.0,1,0,113.275,1,65.6344,2,0,False,False,False,True,False,False,False,-0.45968598041107545,2.0316232164746784,0.059159876663617626
1,3,24.0,0,2,16.7,1,16.7,3,0,False,False,True,False,False,True,False,-0.3844807979532623,-0.35890412945574,0.6792945838081278
0,3,22.0,0,0,7.7958,0,7.7958,1,1,True,False,True,False,True,False,False,-0.5348911628688886,-0.7938892032204868,-0.5609748304808925
0,3,31.0,0,0,7.8542,0,7.8542,1,1,False,False,True,True,False,False,False,0.14195547925143,-0.7910362654711258,-0.5609748304808925
0,2,46.0,0,0,26.0,0,26.0,1,1,True,False,True,False,True,False,False,1.2700332161186279,0.0954164367952591,-0.5609748304808925
0,2,23.0,0,0,10.5,0,10.5,1,1,True,False,True,False,False,False,True,-0.45968598041107545,-0.661784506956406,-0.5609748304808925
1,2,28.0,0,0,12.65,0,12.65,1,1,False,False,True,False,False,True,False,-0.08366006812200955,-0.5567534083069815,-0.5609748304808925
1,3,39.0,0,0,7.925,0,7.925,1,1,True,False,True,False,True,False,False,0.7435969389139355,-0.7875775669667633,-0.5609748304808925
0,3,26.0,0,0,8.05,0,8.05,1,1,True,False,True,False,True,False,False,-0.23407043303763592,-0.7814711077429595,-0.5609748304808925
0,3,21.0,1,0,9.825,0,9.825,2,0,False,False,True,True,False,False,False,-0.6100963453267019,-0.6947593867649463,0.059159876663617626
0,3,28.0,1,0,15.85,0,15.85,2,0,True,False,True,False,True,False,False,-0.08366006812200955,-0.4004280521776055,0.059159876663617626
0,3,20.0,0,0,8.6625,0,8.6625,1,1,False,False,True,True,False,False,False,-0.685301527784515,-0.7515494575463212,-0.5609748304808925
0,2,34.0,1,0,21.0,0,21.0,2,0,True,False,True,False,True,False,False,0.36757102662486957,-0.14884193215689093,0.059159876663617626
0,3,51.0,0,0,7.75,0,7.75,1,1,True,False,True,False,True,False,False,1.6460591284076938,-0.7961266098800885,-0.5609748304808925
1,2,3.0,1,1,18.75,0,18.75,3,0,True,False,True,False,False,False,False,-1.9637896295673392,-0.25875819818535845,0.6792945838081278
0,3,21.0,0,0,7.775,0,7.775,1,1,True,False,True,False,True,False,False,-0.6100963453267019,-0.7949053180353277,-0.5609748304808925
0,3,21.5,3,1,25.4667,0,25.4667,5,0,False,False,True,True,False,False,False,-0.5724937540977952,0.06936383916282275,1.9195639980971482
0,3,25.0,0,0,7.8958,0,7.8958,1,1,True,False,True,False,True,False,False,-0.3092756154954491,-0.7890040358414437,-0.5609748304808925
0,3,25.0,0,0,6.8583,0,6.8583,1,1,True,True,False,False,True,False,False,-0.3092756154954491,-0.839687647399015,-0.5609748304808925
1,1,33.0,1,0,90.0,1,65.6344,2,0,False,True,False,True,False,False,False,0.29236584416705635,2.0316232164746784,0.059159876663617626
0,2,30.0,0,0,0.0,0,0.0,1,1,True,False,True,False,True,False,False,0.06675029679361683,-1.1747270817559212,-0.5609748304808925
1,3,44.0,0,0,7.925,0,7.925,1,1,True,False,True,False,True,False,False,1.1196228512030013,-0.7875775669667633,-0.5609748304808925
0,3,21.5,0,0,8.05,0,8.05,1,1,False,False,True,False,False,True,False,-0.5724937540977952,-0.7814711077429595,-0.5609748304808925
1,2,34.0,1,1,32.5,0,32.5,3,0,False,False,True,False,False,True,False,0.36757102662486957,0.41295231643305413,0.6792945838081278
1,2,18.0,0,2,13.0,0,13.0,3,0,False,False,True,True,False,False,False,-0.8357118927001413,-0.539655322480331,0.6792945838081278
0,2,30.0,0,0,13.0,0,13.0,1,1,True,False,True,False,True,False,False,0.06675029679361683,-0.539655322480331,-0.5609748304808925
0,3,10.0,0,2,24.15,0,24.15,3,0,False,False,True,True,False,False,False,-1.437353352362647,0.005040840282963516,0.6792945838081278
0,3,25.0,0,0,7.8958,0,7.8958,1,1,True,False,False,False,True,False,False,-0.3092756154954491,-0.7890040358414437,-0.5609748304808925
0,3,21.0,0,0,7.7333,0,7.7333,1,1,True,True,False,False,True,False,False,-0.6100963453267019,-0.7969424328323887,-0.5609748304808925
0,3,29.0,0,0,7.875,0,7.875,1,1,True,False,True,False,True,False,False,-0.008454885664196365,-0.7900201506562848,-0.5609748304808925
0,3,28.0,1,1,14.4,0,14.4,3,0,False,False,True,False,False,True,False,-0.08366006812200955,-0.471262979173729,0.6792945838081278
0,3,18.0,1,1,20.2125,0,20.2125,3,0,True,False,True,False,True,False,False,-0.8357118927001413,-0.18731262526685463,0.6792945838081278
0,3,25.0,0,0,7.25,0,7.25,1,1,True,False,True,False,True,False,False,-0.3092756154954491,-0.8205524467753036,-0.5609748304808925
1,2,28.0,1,0,26.0,0,26.0,2,0,False,False,True,False,False,True,False,-0.08366006812200955,0.0954164367952591,0.059159876663617626
1,2,19.0,0,0,26.0,0,26.0,1,1,False,False,True,True,False,False,False,-0.7605067102423282,0.0954164367952591,-0.5609748304808925
0,3,25.0,0,0,7.75,0,7.75,1,1,True,True,False,False,True,False,False,-0.3092756154954491,-0.7961266098800885,-0.5609748304808925
1,3,32.0,0,0,8.05,1,8.05,1,1,True,False,True,False,True,False,False,0.2171606617092432,-0.7814711077429595,-0.5609748304808925
1,1,28.0,0,0,26.55,1,26.55,1,1,True,False,True,False,True,False,False,-0.08366006812200955,0.12228485737999564,-0.5609748304808925
1,3,21.5,1,0,16.1,0,16.1,2,0,False,False,True,False,False,True,False,-0.5724937540977952,-0.3882151337299979,0.059159876663617626
1,2,42.0,1,0,26.0,0,26.0,2,0,False,False,True,False,False,True,False,0.969212486287375,0.0954164367952591,0.059159876663617626
0,3,17.0,0,0,7.125,0,7.125,1,1,True,False,True,False,True,False,False,-0.9109170751579546,-0.8266589059991073,-0.5609748304808925
0,1,50.0,1,0,55.9,1,55.9,2,0,True,False,True,False,True,False,False,1.5708539459498805,1.5560814831291163,0.059159876663617626
1,1,14.0,1,2,120.0,1,65.6344,4,0,False,False,True,True,False,False,False,-1.136532622531394,2.0316232164746784,1.299429290952638
0,3,21.0,2,2,34.375,0,34.375,5,0,False,False,True,True,False,False,False,-0.6100963453267019,0.5045492047901105,1.9195639980971482
1,2,24.0,2,3,18.75,0,18.75,6,0,False,False,True,False,False,True,False,-0.3844807979532623,-0.25875819818535845,2.5396987052416584
0,1,64.0,1,4,263.0,1,65.6344,6,0,True,False,True,False,True,False,False,2.623726500359265,2.0316232164746784,2.5396987052416584
0,2,31.0,0,0,10.5,0,10.5,1,1,True,False,True,False,True,False,False,0.14195547925143,-0.661784506956406,-0.5609748304808925
1,2,45.0,1,1,26.25,0,26.25,3,0,False,False,True,False,False,True,False,1.1948280336608146,0.1076293552428666,0.6792945838081278
0,3,20.0,0,0,9.5,0,9.5,1,1,True,False,True,False,True,False,False,-0.685301527784515,-0.710636180746836,-0.5609748304808925
0,3,25.0,1,0,7.775,0,7.775,2,0,True,False,True,False,True,False,False,-0.3092756154954491,-0.7949053180353277,0.059159876663617626
1,2,28.0,0,0,13.0,0,13.0,1,1,False,False,True,False,False,False,True,-0.08366006812200955,-0.539655322480331,-0.5609748304808925
1,3,25.0,0,0,8.1125,0,8.1125,1,1,True,False,True,False,True,False,False,-0.3092756154954491,-0.7784178781310577,-0.5609748304808925
1,1,4.0,0,2,81.8583,1,65.6344,3,0,True,False,True,False,False,False,False,-1.8885844471095259,2.0316232164746784,0.6792945838081278
1,2,13.0,0,1,19.5,0,19.5,2,0,False,False,True,True,False,False,False,-1.2117378049892074,-0.22211944284253596,0.059159876663617626
1,1,34.0,0,0,26.55,0,26.55,1,1,True,False,True,False,True,False,False,0.36757102662486957,0.12228485737999564,-0.5609748304808925
1,3,5.0,2,1,19.2583,0,19.2583,4,0,False,False,False,True,False,False,False,-1.8133792646517128,-0.23392689239768297,1.299429290952638
1,1,52.0,0,0,30.5,1,30.5,1,1,True,False,True,False,False,False,True,1.7212643108655068,0.3152489688521941,-0.5609748304808925
0,2,36.0,1,2,27.75,0,27.75,4,0,True,False,True,False,True,False,False,0.5179813915404959,0.18090686592851163,1.299429290952638
0,3,25.0,1,0,19.9667,0,19.9667,2,0,True,False,True,False,True,False,False,-0.3092756154954491,-0.19932036668454228,0.059159876663617626
0,1,30.0,0,0,27.75,1,27.75,1,1,True,False,False,False,True,False,False,0.06675029679361683,0.18090686592851163,-0.5609748304808925
1,1,49.0,1,0,89.1042,1,65.6344,2,0,True,False,False,False,True,False,False,1.4956487634920672,2.0316232164746784,0.059159876663617626
0,3,25.0,0,0,8.05,0,8.05,1,1,True,False,True,False,True,False,False,-0.3092756154954491,-0.7814711077429595,-0.5609748304808925
1,3,29.0,0,0,7.8958,0,7.8958,1,1,True,False,False,False,True,False,False,-0.008454885664196365,-0.7890040358414437,-0.5609748304808925
0,1,65.0,0,0,26.55,1,26.55,1,1,True,False,True,False,True,False,False,2.6989316828170784,0.12228485737999564,-0.5609748304808925
1,1,35.0,1,0,51.8625,1,51.8625,2,0,False,False,True,False,False,True,False,0.4427762090826827,1.358842850200255,0.059159876663617626
1,2,50.0,0,0,10.5,0,10.5,1,1,False,False,True,True,False,False,False,1.5708539459498805,-0.661784506956406,-0.5609748304808925
0,3,25.0,0,0,7.75,0,7.75,1,1,True,True,False,False,True,False,False,-0.3092756154954491,-0.7961266098800885,-0.5609748304808925
1,1,48.0,0,0,26.55,1,26.55,1,1,True,False,True,False,True,False,False,1.4204435810342542,0.12228485737999564,-0.5609748304808925
0,3,34.0,0,0,8.05,0,8.05,1,1,True,False,True,False,True,False,False,0.36757102662486957,-0.7814711077429595,-0.5609748304808925
0,1,47.0,0,0,38.5,1,38.5,1,1,True,False,True,False,True,False,False,1.345238398576441,0.7060623591756342,-0.5609748304808925
0,2,48.0,0,0,13.0,0,13.0,1,1,True,False,True,False,True,False,False,1.4204435810342542,-0.539655322480331,-0.5609748304808925
0,3,25.0,0,0,8.05,0,8.05,1,1,True,False,True,False,True,False,False,-0.3092756154954491,-0.7814711077429595,-0.5609748304808925
0,3,38.0,0,0,7.05,0,7.05,1,1,True,False,True,False,True,False,False,0.6683917564561223,-0.8303227815333896,-0.5609748304808925
0,2,30.0,0,0,0.0,0,0.0,1,1,True,False,True,False,True,False,False,0.06675029679361683,-1.1747270817559212,-0.5609748304808925
0,1,56.0,0,0,26.55,0,26.55,1,1,True,False,True,False,True,False,False,2.0220850406967594,0.12228485737999564,-0.5609748304808925
0,3,25.0,0,0,7.725,0,7.725,1,1,True,True,False,False,True,False,False,-0.3092756154954491,-0.7973479017248494,-0.5609748304808925
1,3,0.75,2,1,19.2583,0,19.2583,4,0,False,False,False,True,False,False,False,-2.1330012900974187,-0.23392689239768297,1.299429290952638
0,3,25.0,0,0,7.25,0,7.25,1,1,True,False,True,False,True,False,False,-0.3092756154954491,-0.8205524467753036,-0.5609748304808925
0,3,38.0,0,0,8.6625,0,8.6625,1,1,True,False,True,False,True,False,False,0.6683917564561223,-0.7515494575463212,-0.5609748304808925
1,2,33.0,1,2,27.75,0,27.75,4,0,False,False,True,False,False,True,False,0.29236584416705635,0.18090686592851163,1.299429290952638
1,2,23.0,0,0,13.7917,1,13.7917,1,1,False,False,False,False,False,True,False,-0.45968598041107545,-0.5009794523404475,-0.5609748304808925
0,3,22.0,0,0,9.8375,0,9.8375,1,1,False,False,True,True,False,False,False,-0.5348911628688886,-0.6941487408425658,-0.5609748304808925
0,1,40.0,0,0,52.0,1,52.0,1,1,True,False,True,False,True,False,False,0.8188021213717487,1.3655599553464393,-0.5609748304808925
0,2,34.0,1,0,21.0,0,21.0,2,0,True,False,True,False,True,False,False,0.36757102662486957,-0.14884193215689093,0.059159876663617626
0,3,29.0,1,0,7.0458,0,7.0458,2,0,True,False,True,False,True,False,False,-0.008454885664196365,-0.8305279585633094,0.059159876663617626
0,3,22.0,0,0,7.5208,0,7.5208,1,1,True,False,True,False,True,False,False,-0.5348911628688886,-0.8073234135128551,-0.5609748304808925
1,3,2.0,0,1,12.2875,0,12.2875,2,0,False,False,True,True,False,False,False,-2.038994812025152,-0.5744621400560124,0.059159876663617626
0,3,9.0,5,2,46.9,0,46.9,8,0,True,False,True,False,False,False,False,-1.51255853482046,1.1164164190152461,3.779968119530679
0,2,30.0,0,0,0.0,0,0.0,1,1,True,False,True,False,True,False,False,0.06675029679361683,-1.1747270817559212,-0.5609748304808925
0,3,50.0,0,0,8.05,0,8.05,1,1,True,False,True,False,True,False,False,1.5708539459498805,-0.7814711077429595,-0.5609748304808925
1,3,63.0,0,0,9.5875,0,9.5875,1,1,False,False,True,False,False,True,False,2.548521317901452,-0.7063616592901734,-0.5609748304808925
1,1,25.0,1,0,91.0792,1,65.6344,2,0,True,False,False,False,True,False,False,-0.3092756154954491,2.0316232164746784,0.059159876663617626
0,3,21.5,3,1,25.4667,0,25.4667,5,0,False,False,True,True,False,False,False,-0.5724937540977952,0.06936383916282275,1.9195639980971482
1,1,35.0,1,0,90.0,1,65.6344,2,0,False,False,True,False,False,True,False,0.4427762090826827,2.0316232164746784,0.059159876663617626
0,1,58.0,0,0,29.7,1,29.7,1,1,True,False,False,False,True,False,False,2.172495405612386,0.2761676298198501,-0.5609748304808925
0,3,30.0,0,0,8.05,0,8.05,1,1,True,False,True,False,True,False,False,0.06675029679361683,-0.7814711077429595,-0.5609748304808925
1,3,9.0,1,1,15.9,0,15.9,3,0,True,False,True,False,False,False,False,-1.51255853482046,-0.39798546848808397,0.6792945838081278
0,3,25.0,1,0,19.9667,0,19.9667,2,0,True,False,True,False,True,False,False,-0.3092756154954491,-0.19932036668454228,0.059159876663617626
0,3,21.0,0,0,7.25,0,7.25,1,1,True,False,True,False,True,False,False,-0.6100963453267019,-0.8205524467753036,-0.5609748304808925
0,1,55.0,0,0,30.5,1,30.5,1,1,True,False,True,False,True,False,False,1.9468798582389464,0.3152489688521941,-0.5609748304808925
0,1,71.0,0,0,49.5042,0,49.5042,1,1,True,False,False,False,True,False,False,3.1501627775639576,1.2436359479002839,-0.5609748304808925
0,3,21.0,0,0,8.05,0,8.05,1,1,True,False,True,False,True,False,False,-0.6100963453267019,-0.7814711077429595,-0.5609748304808925
0,3,25.0,0,0,14.4583,0,14.4583,1,1,True,False,False,False,True,False,False,-0.3092756154954491,-0.46841492659174694,-0.5609748304808925
1,1,54.0,1,0,78.2667,1,65.6344,2,0,False,False,False,True,False,False,False,1.8716746757811333,2.0316232164746784,0.059159876663617626
0,3,25.0,0,0,15.1,0,15.1,1,1,True,False,True,False,True,False,False,-0.3092756154954491,-0.437066807520428,-0.5609748304808925
0,1,25.0,1,2,151.55,1,65.6344,4,0,False,False,True,False,False,True,False,-0.3092756154954491,2.0316232164746784,1.299429290952638
0,3,24.0,0,0,7.7958,0,7.7958,1,1,True,False,True,False,True,False,False,-0.3844807979532623,-0.7938892032204868,-0.5609748304808925
0,3,17.0,0,0,8.6625,0,8.6625,1,1,True,False,True,False,True,False,False,-0.9109170751579546,-0.7515494575463212,-0.5609748304808925
0,3,21.0,0,0,7.75,0,7.75,1,1,False,True,False,True,False,False,False,-0.6100963453267019,-0.7961266098800885,-0.5609748304808925
0,3,21.5,0,0,7.6292,0,7.6292,1,1,False,True,False,True,False,False,False,-0.5724937540977952,-0.8020278920739724,-0.5609748304808925
0,3,37.0,0,0,9.5875,0,9.5875,1,1,False,False,True,True,False,False,False,0.5931865739983091,-0.7063616592901734,-0.5609748304808925
1,1,16.0,0,0,86.5,1,65.6344,1,1,False,False,True,True,False,False,False,-0.9861222576157678,2.0316232164746784,-0.5609748304808925
0,1,18.0,1,0,108.9,1,65.6344,2,0,True,False,False,False,True,False,False,-0.8357118927001413,2.0316232164746784,0.059159876663617626
1,2,33.0,0,2,26.0,0,26.0,3,0,False,False,True,False,False,True,False,0.29236584416705635,0.0954164367952591,0.6792945838081278
1,1,40.0,0,0,26.55,0,26.55,1,1,True,False,True,False,True,False,False,0.8188021213717487,0.12228485737999564,-0.5609748304808925
0,3,28.0,0,0,22.525,0,22.525,1,1,True,False,True,False,True,False,False,-0.08366006812200955,-0.07434312962648525,-0.5609748304808925
1,3,26.0,0,0,56.4958,0,56.4958,1,1,True,False,True,False,True,False,False,-0.23407043303763592,1.5851873103734548,-0.5609748304808925
1,3,29.0,0,0,7.75,0,7.75,1,1,True,True,False,False,True,False,False,-0.008454885664196365,-0.7961266098800885,-0.5609748304808925
0,3,25.0,0,0,8.05,0,8.05,1,1,True,False,True,False,True,False,False,-0.3092756154954491,-0.7814711077429595,-0.5609748304808925
1,1,36.0,0,0,26.2875,1,26.2875,1,1,True,False,True,False,True,False,False,0.5179813915404959,0.1094612930100078,-0.5609748304808925
1,1,54.0,1,0,59.4,0,59.4,2,0,False,False,False,False,False,True,False,1.8716746757811333,1.7270623413956212,0.059159876663617626
0,3,24.0,0,0,7.4958,0,7.4958,1,1,True,False,True,False,True,False,False,-0.3844807979532623,-0.8085447053576159,-0.5609748304808925
0,1,47.0,0,0,34.0208,1,34.0208,1,1,True,False,True,False,True,False,False,1.345238398576441,0.48724594193354015,-0.5609748304808925
1,2,34.0,0,0,10.5,1,10.5,1,1,False,False,True,False,False,True,False,0.36757102662486957,-0.661784506956406,-0.5609748304808925
0,3,25.0,0,0,24.15,0,24.15,1,1,True,True,False,False,True,False,False,-0.3092756154954491,0.005040840282963516,-0.5609748304808925
1,2,36.0,1,0,26.0,0,26.0,2,0,False,False,True,False,False,True,False,0.5179813915404959,0.0954164367952591,0.059159876663617626
0,3,32.0,0,0,7.8958,0,7.8958,1,1,True,False,True,False,True,False,False,0.2171606617092432,-0.7890040358414437,-0.5609748304808925
1,1,30.0,0,0,93.5,1,65.6344,1,1,False,False,True,True,False,False,False,0.06675029679361683,2.0316232164746784,-0.5609748304808925
0,3,22.0,0,0,7.8958,0,7.8958,1,1,True,False,True,False,True,False,False,-0.5348911628688886,-0.7890040358414437,-0.5609748304808925
0,3,25.0,0,0,7.225,0,7.225,1,1,True,False,False,False,True,False,False,-0.3092756154954491,-0.8217737386200644,-0.5609748304808925
1,1,44.0,0,1,57.9792,1,57.9792,2,0,False,False,False,False,False,True,False,1.1196228512030013,1.6576538832741783,0.059159876663617626
0,3,25.0,0,0,7.2292,0,7.2292,1,1,True,False,False,False,True,False,False,-0.3092756154954491,-0.8215685615901446,-0.5609748304808925
0,3,40.5,0,0,7.75,0,7.75,1,1,True,True,False,False,True,False,False,0.8564047126006552,-0.7961266098800885,-0.5609748304808925
1,2,50.0,0,0,10.5,0,10.5,1,1,False,False,True,True,False,False,False,1.5708539459498805,-0.661784506956406,-0.5609748304808925
0,1,40.0,0,0,221.7792,1,65.6344,1,1,True,False,True,False,True,False,False,0.8188021213717487,2.0316232164746784,-0.5609748304808925
0,3,39.0,0,0,7.925,0,7.925,1,1,True,False,True,False,True,False,False,0.7435969389139355,-0.7875775669667633,-0.5609748304808925
0,2,23.0,2,1,11.5,0,11.5,4,0,True,False,True,False,True,False,False,-0.45968598041107545,-0.612932833165976,1.299429290952638
1,2,2.0,1,1,26.0,0,26.0,3,0,False,False,True,True,False,False,False,-2.038994812025152,0.0954164367952591,0.6792945838081278
0,3,25.0,0,0,7.2292,0,7.2292,1,1,True,False,False,False,True,False,False,-0.3092756154954491,-0.8215685615901446,-0.5609748304808925
0,3,17.0,1,1,7.2292,0,7.2292,3,0,True,False,False,False,True,False,False,-0.9109170751579546,-0.8215685615901446,0.6792945838081278
1,3,21.5,0,2,22.3583,0,22.3583,3,0,False,False,False,False,False,True,False,-0.5724937540977952,-0.08248670364734986,0.6792945838081278
0,3,30.0,0,0,8.6625,0,8.6625,1,1,False,False,True,True,False,False,False,0.06675029679361683,-0.7515494575463212,-0.5609748304808925
1,2,7.0,0,2,26.25,0,26.25,3,0,False,False,True,True,False,False,False,-1.6629688997360863,0.1076293552428666,0.6792945838081278
0,1,45.0,0,0,26.55,1,26.55,1,1,True,False,True,False,False,False,True,1.1948280336608146,0.12228485737999564,-0.5609748304808925
1,1,30.0,0,0,106.425,0,65.6344,1,1,False,False,False,True,False,False,False,0.06675029679361683,2.0316232164746784,-0.5609748304808925
0,3,25.0,0,0,14.5,0,14.5,1,1,True,False,True,False,True,False,False,-0.3092756154954491,-0.466377811794686,-0.5609748304808925
1,1,22.0,0,2,49.5,1,49.5,3,0,False,False,False,True,False,False,False,-0.5348911628688886,1.2434307708703642,0.6792945838081278
1,1,36.0,0,2,71.0,1,65.6344,3,0,False,False,True,True,False,False,False,0.5179813915404959,2.0316232164746784,0.6792945838081278
0,3,9.0,4,2,31.275,0,31.275,7,0,False,False,True,True,False,False,False,-1.51255853482046,0.35310901603977735,3.1598334123861687
0,3,11.0,4,2,31.275,0,31.275,7,0,False,False,True,True,False,False,False,-1.3621481699048337,0.35310901603977735,3.1598334123861687
1,2,32.0,1,0,26.0,0,26.0,2,0,True,False,True,False,True,False,False,0.2171606617092432,0.0954164367952591,0.059159876663617626
0,1,50.0,1,0,106.425,1,65.6344,2,0,True,False,False,False,True,False,False,1.5708539459498805,2.0316232164746784,0.059159876663617626
0,1,64.0,0,0,26.0,0,26.0,1,1,True,False,True,False,True,False,False,2.623726500359265,0.0954164367952591,-0.5609748304808925
1,2,19.0,1,0,26.0,0,26.0,2,0,False,False,True,False,False,True,False,-0.7605067102423282,0.0954164367952591,0.059159876663617626
1,2,30.0,0,0,13.8625,0,13.8625,1,1,True,False,False,False,True,False,False,0.06675029679361683,-0.4975207538360851,-0.5609748304808925
0,3,33.0,1,1,20.525,0,20.525,3,0,True,False,True,False,True,False,False,0.29236584416705635,-0.17204647720734526,0.6792945838081278
1,2,8.0,1,1,36.75,0,36.75,3,0,True,False,True,False,False,False,False,-1.5877637172782733,0.6205719300423816,0.6792945838081278
1,1,17.0,0,2,110.8833,1,65.6344,3,0,True,False,False,False,True,False,False,-0.9109170751579546,2.0316232164746784,0.6792945838081278
0,2,27.0,0,0,26.0,0,26.0,1,1,True,False,True,False,True,False,False,-0.15886525057982273,0.0954164367952591,-0.5609748304808925
0,3,25.0,0,0,7.8292,0,7.8292,1,1,True,True,False,False,True,False,False,-0.3092756154954491,-0.7922575573158865,-0.5609748304808925
1,3,22.0,0,0,7.225,0,7.225,1,1,True,False,False,False,True,False,False,-0.5348911628688886,-0.8217737386200644,-0.5609748304808925
1,3,22.0,0,0,7.775,0,7.775,1,1,False,False,True,True,False,False,False,-0.5348911628688886,-0.7949053180353277,-0.5609748304808925
0,1,62.0,0,0,26.55,0,26.55,1,1,True,False,True,False,True,False,False,2.4733161354436386,0.12228485737999564,-0.5609748304808925
1,1,48.0,1,0,39.6,1,39.6,2,0,False,False,False,False,False,False,True,1.4204435810342542,0.7597992003451073,0.059159876663617626
0,1,40.0,0,0,227.525,0,65.6344,1,1,True,False,False,False,True,False,False,0.8188021213717487,2.0316232164746784,-0.5609748304808925
1,1,39.0,1,1,79.65,1,65.6344,3,0,False,False,True,False,False,True,False,0.7435969389139355,2.0316232164746784,0.6792945838081278
1,3,36.0,1,0,17.4,0,17.4,2,0,False,False,True,False,False,True,False,0.5179813915404959,-0.32470795780243905,0.059159876663617626
0,3,25.0,0,0,7.75,0,7.75,1,1,True,True,False,False,True,False,False,-0.3092756154954491,-0.7961266098800885,-0.5609748304808925
0,3,40.0,0,0,7.8958,0,7.8958,1,1,True,False,True,False,True,False,False,0.8188021213717487,-0.7890040358414437,-0.5609748304808925
0,2,28.0,0,0,13.5,0,13.5,1,1,True,False,True,False,True,False,False,-0.08366006812200955,-0.515229485585116,-0.5609748304808925
0,3,25.0,0,0,8.05,0,8.05,1,1,True,False,True,False,True,False,False,-0.3092756154954491,-0.7814711077429595,-0.5609748304808925
0,3,21.5,0,0,8.05,0,8.05,1,1,False,False,True,True,False,False,False,-0.5724937540977952,-0.7814711077429595,-0.5609748304808925
0,3,24.0,2,0,24.15,0,24.15,3,0,True,False,True,False,True,False,False,-0.3844807979532623,0.005040840282963516,0.6792945838081278
0,3,19.0,0,0,7.8958,0,7.8958,1,1,True,False,True,False,True,False,False,-0.7605067102423282,-0.7890040358414437,-0.5609748304808925
0,3,29.0,0,4,21.075,0,21.075,5,0,False,False,True,False,False,True,False,-0.008454885664196365,-0.14517805662260871,1.9195639980971482
0,3,25.0,0,0,7.2292,0,7.2292,1,1,True,False,False,False,True,False,False,-0.3092756154954491,-0.8215685615901446,-0.5609748304808925
1,3,32.0,0,0,7.8542,0,7.8542,1,1,True,False,True,False,True,False,False,0.2171606617092432,-0.7910362654711258,-0.5609748304808925
1,2,62.0,0,0,10.5,0,10.5,1,1,True,False,True,False,True,False,False,2.4733161354436386,-0.661784506956406,-0.5609748304808925
1,1,53.0,2,0,51.4792,1,51.4792,3,0,False,False,True,False,False,True,False,1.79646949332332,1.3401180036363833,0.6792945838081278
1,1,36.0,0,0,26.3875,1,26.3875,1,1,True,False,True,False,True,False,False,0.5179813915404959,0.11434646038905069,-0.5609748304808925
1,3,21.5,0,0,7.75,0,7.75,1,1,False,True,False,True,False,False,False,-0.5724937540977952,-0.7961266098800885,-0.5609748304808925
0,3,16.0,0,0,8.05,0,8.05,1,1,True,False,True,False,True,False,False,-0.9861222576157678,-0.7814711077429595,-0.5609748304808925
0,3,19.0,0,0,14.5,0,14.5,1,1,True,False,True,False,True,False,False,-0.7605067102423282,-0.466377811794686,-0.5609748304808925
1,2,34.0,0,0,13.0,0,13.0,1,1,False,False,True,True,False,False,False,0.36757102662486957,-0.539655322480331,-0.5609748304808925
1,1,39.0,1,0,55.9,1,55.9,2,0,False,False,True,False,False,True,False,0.7435969389139355,1.5560814831291163,0.059159876663617626
0,3,21.5,1,0,14.4583,0,14.4583,2,0,False,False,False,False,False,True,False,-0.5724937540977952,-0.46841492659174694,0.059159876663617626
1,3,32.0,0,0,7.925,0,7.925,1,1,True,False,True,False,True,False,False,0.2171606617092432,-0.7875775669667633,-0.5609748304808925
1,2,25.0,1,1,30.0,0,30.0,3,0,False,False,True,True,False,False,False,-0.3092756154954491,0.2908231319569791,0.6792945838081278
1,1,39.0,1,1,110.8833,1,65.6344,3,0,False,False,False,False,False,True,False,0.7435969389139355,2.0316232164746784,0.6792945838081278
0,2,54.0,0,0,26.0,0,26.0,1,1,True,False,True,False,True,False,False,1.8716746757811333,0.0954164367952591,-0.5609748304808925
0,1,36.0,0,0,40.125,1,40.125,1,1,True,False,False,False,True,False,False,0.5179813915404959,0.7854463290850829,-0.5609748304808925
0,3,25.0,0,0,8.7125,0,8.7125,1,1,True,False,False,False,True,False,False,-0.3092756154954491,-0.7491068738567996,-0.5609748304808925
1,1,18.0,0,2,79.65,1,65.6344,3,0,False,False,True,True,False,False,False,-0.8357118927001413,2.0316232164746784,0.6792945838081278
0,2,47.0,0,0,15.0,0,15.0,1,1,True,False,True,False,True,False,False,1.345238398576441,-0.44195197489947097,-0.5609748304808925
1,1,60.0,1,1,79.2,1,65.6344,3,0,True,False,False,False,True,False,False,2.3229057705280125,2.0316232164746784,0.6792945838081278
0,3,22.0,0,0,8.05,0,8.05,1,1,True,False,True,False,True,False,False,-0.5348911628688886,-0.7814711077429595,-0.5609748304808925
0,3,25.0,0,0,8.05,0,8.05,1,1,True,False,True,False,True,False,False,-0.3092756154954491,-0.7814711077429595,-0.5609748304808925
0,3,35.0,0,0,7.125,0,7.125,1,1,True,False,True,False,True,False,False,0.4427762090826827,-0.8266589059991073,-0.5609748304808925
1,1,52.0,1,0,78.2667,1,65.6344,2,0,False,False,False,False,False,True,False,1.7212643108655068,2.0316232164746784,0.059159876663617626
0,3,47.0,0,0,7.25,0,7.25,1,1,True,False,True,False,True,False,False,1.345238398576441,-0.8205524467753036,-0.5609748304808925
0,3,21.5,0,2,7.75,0,7.75,3,0,False,True,False,True,False,False,False,-0.5724937540977952,-0.7961266098800885,0.6792945838081278
0,2,37.0,1,0,26.0,0,26.0,2,0,True,False,True,False,True,False,False,0.5931865739983091,0.0954164367952591,0.059159876663617626
0,3,36.0,1,1,24.15,0,24.15,3,0,True,False,True,False,True,False,False,0.5179813915404959,0.005040840282963516,0.6792945838081278
1,2,28.0,0,0,33.0,0,33.0,1,1,False,False,True,True,False,False,False,-0.08366006812200955,0.4373781533282692,-0.5609748304808925
0,3,49.0,0,0,0.0,0,0.0,1,1,True,False,True,False,True,False,False,1.4956487634920672,-1.1747270817559212,-0.5609748304808925
0,3,25.0,0,0,7.225,0,7.225,1,1,True,False,False,False,True,False,False,-0.3092756154954491,-0.8217737386200644,-0.5609748304808925
1,1,49.0,1,0,56.9292,1,56.9292,2,0,True,False,False,False,False,False,True,1.4956487634920672,1.6063596257942268,0.059159876663617626
1,2,24.0,2,1,27.0,0,27.0,4,0,False,False,True,False,False,True,False,-0.3844807979532623,0.1442681105856891,1.299429290952638
0,3,25.0,0,0,7.8958,0,7.8958,1,1,True,False,True,False,True,False,False,-0.3092756154954491,-0.7890040358414437,-0.5609748304808925
0,1,40.0,0,0,42.4,0,42.4,1,1,True,False,True,False,True,False,False,0.8188021213717487,0.8965838869583111,-0.5609748304808925
0,3,44.0,0,0,8.05,0,8.05,1,1,True,False,True,False,True,False,False,1.1196228512030013,-0.7814711077429595,-0.5609748304808925
1,1,35.0,0,0,26.55,0,26.55,1,1,True,False,False,False,True,False,False,0.4427762090826827,0.12228485737999564,-0.5609748304808925
0,3,36.0,1,0,15.55,0,15.55,2,0,True,False,True,False,True,False,False,0.5179813915404959,-0.4150835543147344,0.059159876663617626
0,3,30.0,0,0,7.8958,0,7.8958,1,1,True,False,True,False,True,False,False,0.06675029679361683,-0.7890040358414437,-0.5609748304808925
1,1,27.0,0,0,30.5,0,30.5,1,1,True,False,True,False,True,False,False,-0.15886525057982273,0.3152489688521941,-0.5609748304808925
1,2,22.0,1,2,41.5792,0,41.5792,4,0,False,False,False,False,False,True,False,-0.5348911628688886,0.8564864331111263,1.299429290952638
1,1,40.0,0,0,153.4625,1,65.6344,1,1,False,False,True,True,False,False,False,0.8188021213717487,2.0316232164746784,-0.5609748304808925
0,3,39.0,1,5,31.275,0,31.275,7,0,False,False,True,False,False,True,False,0.7435969389139355,0.35310901603977735,3.1598334123861687
0,3,25.0,0,0,7.05,0,7.05,1,1,True,False,True,False,True,False,False,-0.3092756154954491,-0.8303227815333896,-0.5609748304808925
1,3,21.5,1,0,15.5,0,15.5,2,0,False,True,False,True,False,False,False,-0.5724937540977952,-0.417526138004256,0.059159876663617626
0,3,25.0,0,0,7.75,0,7.75,1,1,True,True,False,False,True,False,False,-0.3092756154954491,-0.7961266098800885,-0.5609748304808925
0,3,35.0,0,0,8.05,0,8.05,1,1,True,False,True,False,True,False,False,0.4427762090826827,-0.7814711077429595,-0.5609748304808925
1,2,24.0,1,2,65.0,0,65.0,4,0,False,False,True,True,False,False,False,-0.3844807979532623,2.0006317146220294,1.299429290952638
0,3,34.0,1,1,14.4,0,14.4,3,0,True,False,True,False,True,False,False,0.36757102662486957,-0.471262979173729,0.6792945838081278
0,3,26.0,1,0,16.1,0,16.1,2,0,False,False,True,False,False,True,False,-0.23407043303763592,-0.3882151337299979,0.059159876663617626
1,2,4.0,2,1,39.0,1,39.0,4,0,False,False,True,True,False,False,False,-1.8885844471095259,0.7304881960708492,1.299429290952638
0,2,26.0,0,0,10.5,0,10.5,1,1,True,False,True,False,True,False,False,-0.23407043303763592,-0.661784506956406,-0.5609748304808925
0,3,27.0,1,0,14.4542,0,14.4542,2,0,True,False,False,False,True,False,False,-0.15886525057982273,-0.46861521845428766,0.059159876663617626
1,1,42.0,1,0,52.5542,1,52.5542,2,0,True,False,True,False,True,False,False,0.969212486287375,1.3926335529610958,0.059159876663617626
1,3,20.0,1,1,15.7417,0,15.7417,3,0,True,False,False,False,True,False,False,-0.685301527784515,-0.4057186884491091,0.6792945838081278
0,3,21.0,0,0,7.8542,0,7.8542,1,1,True,False,True,False,True,False,False,-0.6100963453267019,-0.7910362654711258,-0.5609748304808925
0,3,21.0,0,0,16.1,0,16.1,1,1,True,False,True,False,True,False,False,-0.6100963453267019,-0.3882151337299979,-0.5609748304808925
0,1,61.0,0,0,32.3208,1,32.3208,1,1,True,False,True,False,True,False,False,2.3981109529858253,0.40419809648980903,-0.5609748304808925
0,2,57.0,0,0,12.35,0,12.35,1,1,True,True,False,False,False,False,True,2.0972902231545727,-0.5714089104441106,-0.5609748304808925
1,1,21.0,0,0,77.9583,1,65.6344,1,1,False,False,True,True,False,False,False,-0.6100963453267019,2.0316232164746784,-0.5609748304808925
0,3,26.0,0,0,7.8958,0,7.8958,1,1,True,False,True,False,True,False,False,-0.23407043303763592,-0.7890040358414437,-0.5609748304808925
0,3,25.0,0,0,7.7333,0,7.7333,1,1,True,True,False,False,True,False,False,-0.3092756154954491,-0.7969424328323887,-0.5609748304808925
1,1,80.0,0,0,30.0,1,30.0,1,1,True,False,True,False,True,False,False,3.827009419684276,0.2908231319569791,-0.5609748304808925
0,3,51.0,0,0,7.0542,0,7.0542,1,1,True,False,True,False,True,False,False,1.6460591284076938,-0.8301176045034698,-0.5609748304808925
1,1,32.0,0,0,30.5,1,30.5,1,1,True,False,False,False,False,False,True,0.2171606617092432,0.3152489688521941,-0.5609748304808925
0,1,40.0,0,0,0.0,0,0.0,1,1,True,False,True,False,True,False,False,0.8188021213717487,-1.1747270817559212,-0.5609748304808925
0,3,9.0,3,2,27.9,0,27.9,6,0,False,False,True,True,False,False,False,-1.51255853482046,0.18823461699707605,2.5396987052416584
1,2,28.0,0,0,13.0,0,13.0,1,1,False,False,True,True,False,False,False,-0.08366006812200955,-0.539655322480331,-0.5609748304808925
0,3,32.0,0,0,7.925,0,7.925,1,1,True,False,True,False,True,False,False,0.2171606617092432,-0.7875775669667633,-0.5609748304808925
0,2,31.0,1,1,26.25,0,26.25,3,0,True,False,True,False,True,False,False,0.14195547925143,0.1076293552428666,0.6792945838081278
0,3,41.0,0,5,39.6875,0,39.6875,6,0,False,False,True,False,False,True,False,0.8940073038295618,0.7640737218017698,2.5396987052416584
0,3,25.0,1,0,16.1,0,16.1,2,0,True,False,True,False,True,False,False,-0.3092756154954491,-0.3882151337299979,0.059159876663617626
0,3,20.0,0,0,7.8542,0,7.8542,1,1,True,False,True,False,True,False,False,-0.685301527784515,-0.7910362654711258,-0.5609748304808925
1,1,24.0,0,0,69.3,1,65.6344,1,1,False,False,False,False,False,False,True,-0.3844807979532623,2.0316232164746784,-0.5609748304808925
0,3,2.0,3,2,27.9,0,27.9,6,0,False,False,True,True,False,False,False,-2.038994812025152,0.18823461699707605,2.5396987052416584
1,3,25.0,0,0,56.4958,0,56.4958,1,1,True,False,True,False,True,False,False,-0.3092756154954491,1.5851873103734548,-0.5609748304808925
1,3,0.75,2,1,19.2583,0,19.2583,4,0,False,False,False,True,False,False,False,-2.1330012900974187,-0.23392689239768297,1.299429290952638
1,1,48.0,1,0,76.7292,1,65.6344,2,0,True,False,False,False,True,False,False,1.4204435810342542,2.0316232164746784,0.059159876663617626
0,3,19.0,0,0,7.8958,0,7.8958,1,1,True,False,True,False,True,False,False,-0.7605067102423282,-0.7890040358414437,-0.5609748304808925
1,1,56.0,0,0,35.5,1,35.5,1,1,True,False,False,False,False,False,True,2.0220850406967594,0.5595073378043441,-0.5609748304808925
0,3,25.0,0,0,7.55,0,7.55,1,1,True,False,True,False,True,False,False,-0.3092756154954491,-0.8058969446381745,-0.5609748304808925
1,3,23.0,0,0,7.55,0,7.55,1,1,False,False,True,True,False,False,False,-0.45968598041107545,-0.8058969446381745,-0.5609748304808925
0,3,25.0,0,0,7.8958,0,7.8958,1,1,True,False,True,False,True,False,False,-0.3092756154954491,-0.7890040358414437,-0.5609748304808925
1,2,18.0,0,1,23.0,0,23.0,2,0,False,False,True,True,False,False,False,-0.8357118927001413,-0.051138584576030925,0.059159876663617626
0,3,21.0,0,0,8.4333,0,8.4333,1,1,True,False,True,False,True,False,False,-0.6100963453267019,-0.7627462611790877,-0.5609748304808925
1,3,21.5,0,0,7.8292,0,7.8292,1,1,False,True,False,True,False,False,False,-0.5724937540977952,-0.7922575573158865,-0.5609748304808925
0,3,18.0,0,0,6.75,0,6.75,1,1,False,True,False,True,False,False,False,-0.8357118927001413,-0.8449782836705185,-0.5609748304808925
0,2,24.0,2,0,73.5,0,65.6344,3,0,True,False,True,False,True,False,False,-0.3844807979532623,2.0316232164746784,0.6792945838081278
0,3,25.0,0,0,7.8958,0,7.8958,1,1,True,False,True,False,True,False,False,-0.3092756154954491,-0.7890040358414437,-0.5609748304808925
0,3,32.0,1,1,15.5,0,15.5,3,0,False,True,False,False,False,True,False,0.2171606617092432,-0.417526138004256,0.6792945838081278
0,2,23.0,0,0,13.0,0,13.0,1,1,True,False,True,False,True,False,False,-0.45968598041107545,-0.539655322480331,-0.5609748304808925
0,1,58.0,0,2,113.275,1,65.6344,3,0,True,False,False,False,True,False,False,2.172495405612386,2.0316232164746784,0.6792945838081278
1,1,50.0,2,0,133.65,0,65.6344,3,0,True,False,True,False,False,False,True,1.5708539459498805,2.0316232164746784,0.6792945838081278
0,3,40.0,0,0,7.225,0,7.225,1,1,True,False,False,False,True,False,False,0.8188021213717487,-0.8217737386200644,-0.5609748304808925
0,1,47.0,0,0,25.5875,1,25.5875,1,1,True,False,True,False,True,False,False,1.345238398576441,0.07526512135670665,-0.5609748304808925
0,3,36.0,0,0,7.4958,0,7.4958,1,1,True,False,True,False,True,False,False,0.5179813915404959,-0.8085447053576159,-0.5609748304808925
1,3,20.0,1,0,7.925,0,7.925,2,0,True,False,True,False,True,False,False,-0.685301527784515,-0.7875775669667633,0.059159876663617626
0,2,32.0,2,0,73.5,0,65.6344,3,0,True,False,True,False,True,False,False,0.2171606617092432,2.0316232164746784,0.6792945838081278
0,2,25.0,0,0,13.0,0,13.0,1,1,True,False,True,False,True,False,False,-0.3092756154954491,-0.539655322480331,-0.5609748304808925
0,3,25.0,0,0,7.775,0,7.775,1,1,True,False,True,False,True,False,False,-0.3092756154954491,-0.7949053180353277,-0.5609748304808925
0,3,43.0,0,0,8.05,0,8.05,1,1,True,False,True,False,True,False,False,1.0444176687451883,-0.7814711077429595,-0.5609748304808925
1,1,35.0,1,0,52.0,1,52.0,2,0,False,False,True,False,False,True,False,0.4427762090826827,1.3655599553464393,0.059159876663617626
1,2,40.0,1,1,39.0,0,39.0,3,0,False,False,True,False,False,True,False,0.8188021213717487,0.7304881960708492,0.6792945838081278
0,1,31.0,1,0,52.0,1,52.0,2,0,True,False,True,False,True,False,False,0.14195547925143,1.3655599553464393,0.059159876663617626
0,2,70.0,0,0,10.5,0,10.5,1,1,True,False,True,False,True,False,False,3.0749575951061443,-0.661784506956406,-0.5609748304808925
1,2,31.0,0,0,13.0,0,13.0,1,1,True,False,True,False,True,False,False,0.14195547925143,-0.539655322480331,-0.5609748304808925
0,2,30.0,0,0,0.0,0,0.0,1,1,True,False,True,False,True,False,False,0.06675029679361683,-1.1747270817559212,-0.5609748304808925
0,3,18.0,0,0,7.775,0,7.775,1,1,True,False,True,False,True,False,False,-0.8357118927001413,-0.7949053180353277,-0.5609748304808925
0,3,24.5,0,0,8.05,0,8.05,1,1,True,False,True,False,True,False,False,-0.3468782067243557,-0.7814711077429595,-0.5609748304808925
1,3,18.0,0,0,9.8417,0,9.8417,1,1,False,False,True,True,False,False,False,-0.8357118927001413,-0.6939435638126461,-0.5609748304808925
0,3,43.0,1,6,46.9,0,46.9,8,0,False,False,True,False,False,True,False,1.0444176687451883,1.1164164190152461,3.779968119530679
1,1,36.0,0,1,512.3292,1,65.6344,2,0,True,False,False,False,True,False,False,0.5179813915404959,2.0316232164746784,0.059159876663617626
0,3,21.5,0,0,8.1375,0,8.1375,1,1,False,True,False,True,False,False,False,-0.5724937540977952,-0.777196586286297,-0.5609748304808925
1,1,27.0,0,0,76.7292,1,65.6344,1,1,True,False,False,False,True,False,False,-0.15886525057982273,2.0316232164746784,-0.5609748304808925
0,3,20.0,0,0,9.225,0,9.225,1,1,True,False,True,False,True,False,False,-0.685301527784515,-0.7240703910392043,-0.5609748304808925
0,3,14.0,5,2,46.9,0,46.9,8,0,True,False,True,False,True,False,False,-1.136532622531394,1.1164164190152461,3.779968119530679
0,2,60.0,1,1,39.0,0,39.0,3,0,True,False,True,False,True,False,False,2.3229057705280125,0.7304881960708492,0.6792945838081278
0,2,25.0,1,2,41.5792,0,41.5792,4,0,True,False,False,False,True,False,False,-0.3092756154954491,0.8564864331111263,1.299429290952638
0,3,14.0,4,1,39.6875,0,39.6875,6,0,True,False,True,False,True,False,False,-1.136532622531394,0.7640737218017698,2.5396987052416584
0,3,19.0,0,0,10.1708,0,10.1708,1,1,True,False,True,False,True,False,False,-0.7605067102423282,-0.6778664779682156,-0.5609748304808925
0,3,18.0,0,0,7.7958,0,7.7958,1,1,True,False,True,False,True,False,False,-0.8357118927001413,-0.7938892032204868,-0.5609748304808925
1,1,15.0,0,1,211.3375,1,65.6344,2,0,False,False,True,True,False,False,False,-1.061327440073581,2.0316232164746784,0.059159876663617626
1,1,31.0,1,0,57.0,1,57.0,2,0,True,False,True,False,True,False,False,0.14195547925143,1.6098183242985895,0.059159876663617626
1,3,4.0,0,1,13.4167,0,13.4167,2,0,False,False,False,True,False,False,False,-1.8885844471095259,-0.5192988300118588,0.059159876663617626
1,3,25.0,0,0,56.4958,0,56.4958,1,1,True,False,True,False,True,False,False,-0.3092756154954491,1.5851873103734548,-0.5609748304808925
0,3,25.0,0,0,7.225,0,7.225,1,1,True,False,False,False,True,False,False,-0.3092756154954491,-0.8217737386200644,-0.5609748304808925
0,1,60.0,0,0,26.55,0,26.55,1,1,True,False,True,False,False,False,True,2.3229057705280125,0.12228485737999564,-0.5609748304808925
0,2,52.0,0,0,13.5,0,13.5,1,1,True,False,True,False,True,False,False,1.7212643108655068,-0.515229485585116,-0.5609748304808925
0,3,44.0,0,0,8.05,0,8.05,1,1,True,False,True,False,True,False,False,1.1196228512030013,-0.7814711077429595,-0.5609748304808925
1,3,21.5,0,0,7.7333,0,7.7333,1,1,False,True,False,True,False,False,False,-0.5724937540977952,-0.7969424328323887,-0.5609748304808925
0,1,49.0,1,1,110.8833,1,65.6344,3,0,True,False,False,False,True,False,False,1.4956487634920672,2.0316232164746784,0.6792945838081278
0,3,42.0,0,0,7.65,1,7.65,1,1,True,False,True,False,True,False,False,0.969212486287375,-0.8010117772591314,-0.5609748304808925
1,1,18.0,1,0,227.525,1,65.6344,2,0,False,False,False,False,False,True,False,-0.8357118927001413,2.0316232164746784,0.059159876663617626
1,1,35.0,0,0,26.2875,1,26.2875,1,1,True,False,True,False,True,False,False,0.4427762090826827,0.1094612930100078,-0.5609748304808925
0,3,18.0,0,1,14.4542,0,14.4542,2,0,False,False,False,True,False,False,False,-0.8357118927001413,-0.46861521845428766,0.059159876663617626
0,3,25.0,0,0,7.7417,0,7.7417,1,1,True,True,False,False,True,False,False,-0.3092756154954491,-0.7965320787725492,-0.5609748304808925
0,3,26.0,1,0,7.8542,0,7.8542,2,0,True,False,True,False,True,False,False,-0.23407043303763592,-0.7910362654711258,0.059159876663617626
0,2,39.0,0,0,26.0,0,26.0,1,1,True,False,True,False,True,False,False,0.7435969389139355,0.0954164367952591,-0.5609748304808925
1,2,45.0,0,0,13.5,0,13.5,1,1,False,False,True,False,False,True,False,1.1948280336608146,-0.515229485585116,-0.5609748304808925
1,1,42.0,0,0,26.2875,1,26.2875,1,1,True,False,True,False,True,False,False,0.969212486287375,0.1094612930100078,-0.5609748304808925
1,1,22.0,0,0,151.55,0,65.6344,1,1,False,False,True,True,False,False,False,-0.5348911628688886,2.0316232164746784,-0.5609748304808925
1,3,25.0,1,1,15.2458,0,15.2458,3,0,True,False,False,False,False,False,False,-0.3092756154954491,-0.42994423348178334,0.6792945838081278
1,1,24.0,0,0,49.5042,1,49.5042,1,1,False,False,False,False,False,False,True,-0.3844807979532623,1.2436359479002839,-0.5609748304808925
0,1,40.0,0,0,26.55,1,26.55,1,1,True,False,True,False,True,False,False,0.8188021213717487,0.12228485737999564,-0.5609748304808925
1,1,48.0,1,0,52.0,1,52.0,2,0,True,False,True,False,True,False,False,1.4204435810342542,1.3655599553464393,0.059159876663617626
0,3,29.0,0,0,9.4833,0,9.4833,1,1,True,False,True,False,True,False,False,-0.008454885664196365,-0.7114520036991362,-0.5609748304808925
0,2,52.0,0,0,13.0,0,13.0,1,1,True,False,True,False,True,False,False,1.7212643108655068,-0.539655322480331,-0.5609748304808925
0,3,19.0,0,0,7.65,1,7.65,1,1,True,False,True,False,True,False,False,-0.7605067102423282,-0.8010117772591314,-0.5609748304808925
1,1,38.0,0,0,227.525,1,65.6344,1,1,False,False,False,True,False,False,False,0.6683917564561223,2.0316232164746784,-0.5609748304808925
1,2,27.0,0,0,10.5,1,10.5,1,1,False,False,True,True,False,False,False,-0.15886525057982273,-0.661784506956406,-0.5609748304808925
0,3,25.0,0,0,15.5,0,15.5,1,1,True,True,False,False,True,False,False,-0.3092756154954491,-0.417526138004256,-0.5609748304808925
0,3,33.0,0,0,7.775,0,7.775,1,1,True,False,True,False,True,False,False,0.29236584416705635,-0.7949053180353277,-0.5609748304808925
1,2,6.0,0,1,33.0,0,33.0,2,0,False,False,True,True,False,False,False,-1.7381740821938996,0.4373781533282692,0.059159876663617626
0,3,17.0,1,0,7.0542,0,7.0542,2,0,True,False,True,False,True,False,False,-0.9109170751579546,-0.8301176045034698,0.059159876663617626
0,2,34.0,0,0,13.0,0,13.0,1,1,True,False,True,False,True,False,False,0.36757102662486957,-0.539655322480331,-0.5609748304808925
0,2,50.0,0,0,13.0,0,13.0,1,1,True,False,True,False,True,False,False,1.5708539459498805,-0.539655322480331,-0.5609748304808925
1,1,27.0,1,0,53.1,1,53.1,2,0,True,False,True,False,True,False,False,-0.15886525057982273,1.4192967965159125,0.059159876663617626
0,3,20.0,0,0,8.6625,0,8.6625,1,1,True,False,True,False,True,False,False,-0.685301527784515,-0.7515494575463212,-0.5609748304808925
1,2,30.0,3,0,21.0,0,21.0,4,0,False,False,True,False,False,True,False,0.06675029679361683,-0.14884193215689093,1.299429290952638
1,3,21.5,0,0,7.7375,0,7.7375,1,1,False,True,False,True,False,False,False,-0.5724937540977952,-0.7967372558024689,-0.5609748304808925
0,2,25.0,1,0,26.0,0,26.0,2,0,True,False,True,False,True,False,False,-0.3092756154954491,0.0954164367952591,0.059159876663617626
0,3,25.0,1,0,7.925,0,7.925,2,0,False,False,True,True,False,False,False,-0.3092756154954491,-0.7875775669667633,0.059159876663617626
1,1,29.0,0,0,211.3375,1,65.6344,1,1,False,False,True,True,False,False,False,-0.008454885664196365,2.0316232164746784,-0.5609748304808925
0,3,11.0,0,0,18.7875,0,18.7875,1,1,True,False,False,False,True,False,False,-1.3621481699048337,-0.25692626041821726,-0.5609748304808925
0,2,30.0,0,0,0.0,0,0.0,1,1,True,False,True,False,True,False,False,0.06675029679361683,-1.1747270817559212,-0.5609748304808925
0,2,23.0,0,0,13.0,0,13.0,1,1,True,False,True,False,True,False,False,-0.45968598041107545,-0.539655322480331,-0.5609748304808925
0,2,23.0,0,0,13.0,0,13.0,1,1,True,False,True,False,True,False,False,-0.45968598041107545,-0.539655322480331,-0.5609748304808925
0,3,28.5,0,0,16.1,0,16.1,1,1,True,False,True,False,True,False,False,-0.04605747689310296,-0.3882151337299979,-0.5609748304808925
0,3,48.0,1,3,34.375,0,34.375,5,0,False,False,True,False,False,True,False,1.4204435810342542,0.5045492047901105,1.9195639980971482
1,1,35.0,0,0,512.3292,1,65.6344,1,1,True,False,False,False,True,False,False,0.4427762090826827,2.0316232164746784,-0.5609748304808925
0,3,25.0,0,0,7.8958,0,7.8958,1,1,True,False,True,False,True,False,False,-0.3092756154954491,-0.7890040358414437,-0.5609748304808925
0,3,25.0,0,0,7.8958,0,7.8958,1,1,True,False,True,False,True,False,False,-0.3092756154954491,-0.7890040358414437,-0.5609748304808925
1,1,40.0,0,0,30.0,1,30.0,1,1,True,False,True,False,True,False,False,0.8188021213717487,0.2908231319569791,-0.5609748304808925
0,1,36.0,1,0,78.85,1,65.6344,2,0,True,False,True,False,True,False,False,0.5179813915404959,2.0316232164746784,0.059159876663617626
1,1,21.0,2,2,262.375,1,65.6344,5,0,False,False,False,True,False,False,False,-0.6100963453267019,2.0316232164746784,1.9195639980971482
0,3,24.0,1,0,16.1,0,16.1,2,0,True,False,True,False,True,False,False,-0.3844807979532623,-0.3882151337299979,0.059159876663617626
1,3,31.0,0,0,7.925,0,7.925,1,1,True,False,True,False,True,False,False,0.14195547925143,-0.7875775669667633,-0.5609748304808925
0,1,70.0,1,1,71.0,1,65.6344,3,0,True,False,True,False,False,False,True,3.0749575951061443,2.0316232164746784,0.6792945838081278
0,3,16.0,1,1,20.25,0,20.25,3,0,True,False,True,False,True,False,False,-0.9861222576157678,-0.18548068749971344,0.6792945838081278
1,2,30.0,0,0,13.0,0,13.0,1,1,False,False,True,True,False,False,False,0.06675029679361683,-0.539655322480331,-0.5609748304808925
0,1,19.0,1,0,53.1,1,53.1,2,0,True,False,True,False,True,False,False,-0.7605067102423282,1.4192967965159125,0.059159876663617626
0,3,31.0,0,0,7.75,0,7.75,1,1,True,True,False,False,True,False,False,0.14195547925143,-0.7961266098800885,-0.5609748304808925
1,2,4.0,1,1,23.0,0,23.0,3,0,False,False,True,True,False,False,False,-1.8885844471095259,-0.051138584576030925,0.6792945838081278
1,3,6.0,0,1,12.475,1,12.475,2,0,True,False,True,False,False,False,False,-1.7381740821938996,-0.5653024512203068,0.059159876663617626
0,3,33.0,0,0,9.5,0,9.5,1,1,True,False,True,False,True,False,False,0.29236584416705635,-0.710636180746836,-0.5609748304808925
0,3,23.0,0,0,7.8958,0,7.8958,1,1,True,False,True,False,True,False,False,-0.45968598041107545,-0.7890040358414437,-0.5609748304808925
1,2,48.0,1,2,65.0,0,65.0,4,0,False,False,True,False,False,True,False,1.4204435810342542,2.0006317146220294,1.299429290952638
1,2,0.67,1,1,14.5,0,14.5,3,0,True,False,True,False,False,False,False,-2.139017704694044,-0.466377811794686,0.6792945838081278
0,3,28.0,0,0,7.7958,0,7.7958,1,1,True,False,True,False,True,False,False,-0.08366006812200955,-0.7938892032204868,-0.5609748304808925
0,2,18.0,0,0,11.5,0,11.5,1,1,True,False,True,False,True,False,False,-0.8357118927001413,-0.612932833165976,-0.5609748304808925
0,3,34.0,0,0,8.05,0,8.05,1,1,True,False,True,False,True,False,False,0.36757102662486957,-0.7814711077429595,-0.5609748304808925
1,1,33.0,0,0,86.5,1,65.6344,1,1,False,False,True,False,False,False,True,0.29236584416705635,2.0316232164746784,-0.5609748304808925
0,3,25.0,0,0,14.5,0,14.5,1,1,True,False,True,False,True,False,False,-0.3092756154954491,-0.466377811794686,-0.5609748304808925
0,3,41.0,0,0,7.125,0,7.125,1,1,True,False,True,False,True,False,False,0.8940073038295618,-0.8266589059991073,-0.5609748304808925
1,3,20.0,0,0,7.2292,0,7.2292,1,1,True,False,False,False,True,False,False,-0.685301527784515,-0.8215685615901446,-0.5609748304808925
1,1,36.0,1,2,120.0,1,65.6344,4,0,False,False,True,False,False,True,False,0.5179813915404959,2.0316232164746784,1.299429290952638
0,3,16.0,0,0,7.775,0,7.775,1,1,True,False,True,False,True,False,False,-0.9861222576157678,-0.7949053180353277,-0.5609748304808925
1,1,51.0,1,0,77.9583,1,65.6344,2,0,False,False,True,False,False,True,False,1.6460591284076938,2.0316232164746784,0.059159876663617626
0,1,40.0,0,0,39.6,0,39.6,1,1,True,False,False,False,False,False,True,0.8188021213717487,0.7597992003451073,-0.5609748304808925
0,3,30.5,0,0,7.75,0,7.75,1,1,False,True,False,True,False,False,False,0.1043528880225234,-0.7961266098800885,-0.5609748304808925
0,3,25.0,1,0,24.15,0,24.15,2,0,True,True,False,False,True,False,False,-0.3092756154954491,0.005040840282963516,0.059159876663617626
0,3,32.0,0,0,8.3625,0,8.3625,1,1,True,False,True,False,True,False,False,0.2171606617092432,-0.7662049596834501,-0.5609748304808925
0,3,24.0,0,0,9.5,0,9.5,1,1,True,False,True,False,True,False,False,-0.3844807979532623,-0.710636180746836,-0.5609748304808925
0,3,48.0,0,0,7.8542,0,7.8542,1,1,True,False,True,False,True,False,False,1.4204435810342542,-0.7910362654711258,-0.5609748304808925
0,2,57.0,0,0,10.5,1,10.5,1,1,False,False,True,False,False,True,False,2.0972902231545727,-0.661784506956406,-0.5609748304808925
0,3,25.0,0,0,7.225,0,7.225,1,1,True,False,False,False,True,False,False,-0.3092756154954491,-0.8217737386200644,-0.5609748304808925
1,2,54.0,1,3,23.0,0,23.0,5,0,False,False,True,False,False,True,False,1.8716746757811333,-0.051138584576030925,1.9195639980971482
0,3,18.0,0,0,7.75,0,7.75,1,1,True,False,True,False,True,False,False,-0.8357118927001413,-0.7961266098800885,-0.5609748304808925
0,3,25.0,0,0,7.75,1,7.75,1,1,True,True,False,False,True,False,False,-0.3092756154954491,-0.7961266098800885,-0.5609748304808925
1,3,5.0,0,0,12.475,0,12.475,1,1,False,False,True,True,False,False,False,-1.8133792646517128,-0.5653024512203068,-0.5609748304808925
0,3,25.0,0,0,7.7375,0,7.7375,1,1,True,True,False,False,True,False,False,-0.3092756154954491,-0.7967372558024689,-0.5609748304808925
1,1,43.0,0,1,211.3375,1,65.6344,2,0,False,False,True,False,False,True,False,1.0444176687451883,2.0316232164746784,0.059159876663617626
1,3,13.0,0,0,7.2292,0,7.2292,1,1,False,False,False,True,False,False,False,-1.2117378049892074,-0.8215685615901446,-0.5609748304808925
1,1,17.0,1,0,57.0,1,57.0,2,0,False,False,True,False,False,True,False,-0.9109170751579546,1.6098183242985895,0.059159876663617626
0,1,29.0,0,0,30.0,1,30.0,1,1,True,False,True,False,True,False,False,-0.008454885664196365,0.2908231319569791,-0.5609748304808925
0,3,25.0,1,2,23.45,0,23.45,4,0,True,False,True,False,True,False,False,-0.3092756154954491,-0.029155331370337455,1.299429290952638
0,3,25.0,0,0,7.05,0,7.05,1,1,True,False,True,False,True,False,False,-0.3092756154954491,-0.8303227815333896,-0.5609748304808925
0,3,25.0,0,0,7.25,0,7.25,1,1,True,False,True,False,True,False,False,-0.3092756154954491,-0.8205524467753036,-0.5609748304808925
1,3,18.0,0,0,7.4958,0,7.4958,1,1,False,False,True,True,False,False,False,-0.8357118927001413,-0.8085447053576159,-0.5609748304808925
0,3,8.0,4,1,29.125,0,29.125,6,0,True,True,False,False,False,False,False,-1.5877637172782733,0.24807791739035287,2.5396987052416584
1,3,1.0,1,2,20.575,0,20.575,4,0,True,False,True,False,False,False,False,-2.1141999944829655,-0.16960389351782373,1.299429290952638
0,1,46.0,0,0,79.2,1,65.6344,1,1,True,False,False,False,True,False,False,1.2700332161186279,2.0316232164746784,-0.5609748304808925
0,3,25.0,0,0,7.75,0,7.75,1,1,True,True,False,False,True,False,False,-0.3092756154954491,-0.7961266098800885,-0.5609748304808925
0,2,16.0,0,0,26.0,0,26.0,1,1,True,False,True,False,True,False,False,-0.9861222576157678,0.0954164367952591,-0.5609748304808925
0,3,21.5,8,2,69.55,0,65.6344,11,0,False,False,True,True,False,False,False,-0.5724937540977952,2.0316232164746784,5.64037224096421
0,1,40.0,0,0,30.6958,0,30.6958,1,1,True,False,False,False,True,False,False,0.8188021213717487,0.32481412658036024,-0.5609748304808925
0,3,25.0,0,0,7.8958,0,7.8958,1,1,True,False,True,False,True,False,False,-0.3092756154954491,-0.7890040358414437,-0.5609748304808925
0,2,39.0,0,0,13.0,0,13.0,1,1,True,False,True,False,True,False,False,0.7435969389139355,-0.539655322480331,-0.5609748304808925
1,1,49.0,0,0,25.9292,1,25.9292,1,1,False,False,True,False,False,False,True,1.4956487634920672,0.09195773829089673,-0.5609748304808925
1,3,31.0,0,0,8.6833,0,8.6833,1,1,False,False,True,False,False,True,False,0.14195547925143,-0.7505333427314803,-0.5609748304808925
0,3,30.0,0,0,7.2292,0,7.2292,1,1,True,False,False,False,True,False,False,0.06675029679361683,-0.8215685615901446,-0.5609748304808925
0,3,30.0,1,1,24.15,0,24.15,3,0,False,False,True,False,False,True,False,0.06675029679361683,0.005040840282963516,0.6792945838081278
0,2,34.0,0,0,13.0,0,13.0,1,1,True,False,True,False,True,False,False,0.36757102662486957,-0.539655322480331,-0.5609748304808925
1,2,31.0,1,1,26.25,0,26.25,3,0,False,False,True,False,False,True,False,0.14195547925143,0.1076293552428666,0.6792945838081278
1,1,11.0,1,2,120.0,1,65.6344,4,0,True,False,True,False,False,False,False,-1.3621481699048337,2.0316232164746784,1.299429290952638
1,3,0.42,0,1,8.5167,0,8.5167,2,0,True,False,False,False,False,False,False,-2.157819000308497,-0.7586720315849659,0.059159876663617626
1,3,27.0,0,0,6.975,0,6.975,1,1,True,False,True,False,True,False,False,-0.15886525057982273,-0.8339866570676719,-0.5609748304808925
0,3,31.0,0,0,7.775,0,7.775,1,1,True,False,True,False,True,False,False,0.14195547925143,-0.7949053180353277,-0.5609748304808925
0,1,39.0,0,0,0.0,1,0.0,1,1,True,False,True,False,True,False,False,0.7435969389139355,-1.1747270817559212,-0.5609748304808925
0,3,18.0,0,0,7.775,0,7.775,1,1,False,False,True,True,False,False,False,-0.8357118927001413,-0.7949053180353277,-0.5609748304808925
0,2,39.0,0,0,13.0,0,13.0,1,1,True,False,True,False,True,False,False,0.7435969389139355,-0.539655322480331,-0.5609748304808925
1,1,33.0,1,0,53.1,1,53.1,2,0,False,False,True,False,False,True,False,0.29236584416705635,1.4192967965159125,0.059159876663617626
0,3,26.0,0,0,7.8875,0,7.8875,1,1,True,False,True,False,True,False,False,-0.23407043303763592,-0.7894095047339045,-0.5609748304808925
0,3,39.0,0,0,24.15,0,24.15,1,1,True,False,True,False,True,False,False,0.7435969389139355,0.005040840282963516,-0.5609748304808925
0,2,35.0,0,0,10.5,0,10.5,1,1,True,False,True,False,True,False,False,0.4427762090826827,-0.661784506956406,-0.5609748304808925
0,3,6.0,4,2,31.275,0,31.275,7,0,False,False,True,True,False,False,False,-1.7381740821938996,0.35310901603977735,3.1598334123861687
0,3,30.5,0,0,8.05,0,8.05,1,1,True,False,True,False,True,False,False,0.1043528880225234,-0.7814711077429595,-0.5609748304808925
0,1,40.0,0,0,0.0,1,0.0,1,1,True,False,True,False,True,False,False,0.8188021213717487,-1.1747270817559212,-0.5609748304808925
0,3,23.0,0,0,7.925,0,7.925,1,1,False,False,True,True,False,False,False,-0.45968598041107545,-0.7875775669667633,-0.5609748304808925
0,2,31.0,1,1,37.0042,0,37.0042,3,0,True,False,False,False,True,False,False,0.14195547925143,0.6329900255199089,0.6792945838081278
0,3,43.0,0,0,6.45,0,6.45,1,1,True,False,True,False,True,False,False,1.0444176687451883,-0.8596337858076476,-0.5609748304808925
0,3,10.0,3,2,27.9,0,27.9,6,0,True,False,True,False,False,False,False,-1.437353352362647,0.18823461699707605,2.5396987052416584
1,1,52.0,1,1,93.5,1,65.6344,3,0,False,False,True,False,False,True,False,1.7212643108655068,2.0316232164746784,0.6792945838081278
1,3,27.0,0,0,8.6625,0,8.6625,1,1,True,False,True,False,True,False,False,-0.15886525057982273,-0.7515494575463212,-0.5609748304808925
0,1,38.0,0,0,0.0,0,0.0,1,1,True,False,True,False,False,False,True,0.6683917564561223,-1.1747270817559212,-0.5609748304808925
1,3,27.0,0,1,12.475,1,12.475,2,0,False,False,True,False,False,True,False,-0.15886525057982273,-0.5653024512203068,0.059159876663617626
0,3,2.0,4,1,39.6875,0,39.6875,6,0,True,False,True,False,False,False,False,-2.038994812025152,0.7640737218017698,2.5396987052416584
0,3,25.0,0,0,6.95,0,6.95,1,1,True,True,False,False,True,False,False,-0.3092756154954491,-0.8352079489124326,-0.5609748304808925
0,3,25.0,0,0,56.4958,0,56.4958,1,1,True,False,True,False,True,False,False,-0.3092756154954491,1.5851873103734548,-0.5609748304808925
1,2,1.0,0,2,37.0042,0,37.0042,3,0,True,False,False,False,False,False,False,-2.1141999944829655,0.6329900255199089,0.6792945838081278
1,3,25.0,0,0,7.75,0,7.75,1,1,True,True,False,False,True,False,False,-0.3092756154954491,-0.7961266098800885,-0.5609748304808925
1,1,62.0,0,0,80.0,1,65.6344,1,1,False,False,True,False,False,True,False,2.4733161354436386,2.0316232164746784,-0.5609748304808925
1,3,15.0,1,0,14.4542,0,14.4542,2,0,False,False,False,False,False,True,False,-1.061327440073581,-0.46861521845428766,0.059159876663617626
1,2,0.83,1,1,18.75,0,18.75,3,0,True,False,True,False,False,False,False,-2.126984875500794,-0.25875819818535845,0.6792945838081278
0,3,25.0,0,0,7.2292,0,7.2292,1,1,True,False,False,False,True,False,False,-0.3092756154954491,-0.8215685615901446,-0.5609748304808925
0,3,23.0,0,0,7.8542,0,7.8542,1,1,True,False,True,False,True,False,False,-0.45968598041107545,-0.7910362654711258,-0.5609748304808925
0,3,18.0,0,0,8.3,0,8.3,1,1,True,False,True,False,True,False,False,-0.8357118927001413,-0.7692581892953521,-0.5609748304808925
1,1,39.0,1,1,83.1583,1,65.6344,3,0,False,False,False,True,False,False,False,0.7435969389139355,2.0316232164746784,0.6792945838081278
0,3,21.0,0,0,8.6625,0,8.6625,1,1,True,False,True,False,True,False,False,-0.6100963453267019,-0.7515494575463212,-0.5609748304808925
0,3,25.0,0,0,8.05,0,8.05,1,1,True,False,True,False,True,False,False,-0.3092756154954491,-0.7814711077429595,-0.5609748304808925
1,3,32.0,0,0,56.4958,0,56.4958,1,1,True,False,True,False,True,False,False,0.2171606617092432,1.5851873103734548,-0.5609748304808925
1,1,40.0,0,0,29.7,1,29.7,1,1,True,False,False,False,True,False,False,0.8188021213717487,0.2761676298198501,-0.5609748304808925
0,3,20.0,0,0,7.925,0,7.925,1,1,True,False,True,False,True,False,False,-0.685301527784515,-0.7875775669667633,-0.5609748304808925
0,2,16.0,0,0,10.5,0,10.5,1,1,True,False,True,False,True,False,False,-0.9861222576157678,-0.661784506956406,-0.5609748304808925
1,1,30.0,0,0,31.0,0,31.0,1,1,False,False,False,True,False,False,False,0.06675029679361683,0.33967480574740916,-0.5609748304808925
0,3,34.5,0,0,6.4375,0,6.4375,1,1,True,False,False,False,True,False,False,0.40517361785377615,-0.860244431730028,-0.5609748304808925
0,3,17.0,0,0,8.6625,0,8.6625,1,1,True,False,True,False,True,False,False,-0.9109170751579546,-0.7515494575463212,-0.5609748304808925
0,3,42.0,0,0,7.55,0,7.55,1,1,True,False,True,False,True,False,False,0.969212486287375,-0.8058969446381745,-0.5609748304808925
0,3,25.0,8,2,69.55,0,65.6344,11,0,True,False,True,False,True,False,False,-0.3092756154954491,2.0316232164746784,5.64037224096421
0,3,35.0,0,0,7.8958,0,7.8958,1,1,True,False,False,False,True,False,False,0.4427762090826827,-0.7890040358414437,-0.5609748304808925
0,2,28.0,0,1,33.0,0,33.0,2,0,True,False,True,False,False,False,True,-0.08366006812200955,0.4373781533282692,0.059159876663617626
1,1,35.0,1,0,89.1042,1,65.6344,2,0,False,False,False,False,False,True,False,0.4427762090826827,2.0316232164746784,0.059159876663617626
0,3,4.0,4,2,31.275,0,31.275,7,0,True,False,True,False,False,False,False,-1.8885844471095259,0.35310901603977735,3.1598334123861687
0,3,74.0,0,0,7.775,0,7.775,1,1,True,False,True,False,True,False,False,3.375778324937397,-0.7949053180353277,-0.5609748304808925
0,3,9.0,1,1,15.2458,0,15.2458,3,0,False,False,False,True,False,False,False,-1.51255853482046,-0.42994423348178334,0.6792945838081278
1,1,16.0,0,1,39.4,1,39.4,2,0,False,False,True,True,False,False,False,-0.9861222576157678,0.7500288655870212,0.059159876663617626
0,2,44.0,1,0,26.0,0,26.0,2,0,False,False,True,False,False,True,False,1.1196228512030013,0.0954164367952591,0.059159876663617626
1,3,18.0,0,1,9.35,0,9.35,2,0,False,False,True,False,False,True,False,-0.8357118927001413,-0.7179639318154005,0.059159876663617626
1,1,45.0,1,1,164.8667,0,65.6344,3,0,False,False,True,False,False,True,False,1.1948280336608146,2.0316232164746784,0.6792945838081278
1,1,51.0,0,0,26.55,1,26.55,1,1,True,False,True,False,True,False,False,1.6460591284076938,0.12228485737999564,-0.5609748304808925
1,3,24.0,0,3,19.2583,0,19.2583,4,0,False,False,False,False,False,True,False,-0.3844807979532623,-0.23392689239768297,1.299429290952638
0,3,25.0,0,0,7.2292,0,7.2292,1,1,True,False,False,False,True,False,False,-0.3092756154954491,-0.8215685615901446,-0.5609748304808925
0,3,41.0,2,0,14.1083,0,14.1083,3,0,True,False,True,False,True,False,False,0.8940073038295618,-0.48551301241839745,0.6792945838081278
0,2,21.0,1,0,11.5,0,11.5,2,0,True,False,True,False,True,False,False,-0.6100963453267019,-0.612932833165976,0.059159876663617626
1,1,48.0,0,0,25.9292,1,25.9292,1,1,False,False,True,False,False,True,False,1.4204435810342542,0.09195773829089673,-0.5609748304808925
0,3,21.5,8,2,69.55,0,65.6344,11,0,False,False,True,True,False,False,False,-0.5724937540977952,2.0316232164746784,5.64037224096421
0,2,24.0,0,0,13.0,0,13.0,1,1,True,False,True,False,True,False,False,-0.3844807979532623,-0.539655322480331,-0.5609748304808925
1,2,42.0,0,0,13.0,0,13.0,1,1,False,False,True,False,False,True,False,0.969212486287375,-0.539655322480331,-0.5609748304808925
1,2,27.0,1,0,13.8583,0,13.8583,2,0,False,False,False,True,False,False,False,-0.15886525057982273,-0.4977259308660049,0.059159876663617626
0,1,31.0,0,0,50.4958,1,50.4958,1,1,True,False,True,False,True,False,False,0.14195547925143,1.2920772676308747,-0.5609748304808925
0,3,25.0,0,0,9.5,0,9.5,1,1,True,False,True,False,True,False,False,-0.3092756154954491,-0.710636180746836,-0.5609748304808925
1,3,4.0,1,1,11.1333,0,11.1333,3,0,True,False,True,False,False,False,False,-1.8885844471095259,-0.6308467419449267,0.6792945838081278
0,3,26.0,0,0,7.8958,0,7.8958,1,1,True,False,True,False,True,False,False,-0.23407043303763592,-0.7890040358414437,-0.5609748304808925
1,1,47.0,1,1,52.5542,1,52.5542,3,0,False,False,True,False,False,True,False,1.345238398576441,1.3926335529610958,0.6792945838081278
0,1,33.0,0,0,5.0,1,5.0,1,1,True,False,True,False,True,False,False,0.29236584416705635,-0.9304687128037711,-0.5609748304808925
0,3,47.0,0,0,9.0,0,9.0,1,1,True,False,True,False,True,False,False,1.345238398576441,-0.735062017642051,-0.5609748304808925
1,2,28.0,1,0,24.0,0,24.0,2,0,False,False,False,False,False,True,False,-0.08366006812200955,-0.002286910785600916,0.059159876663617626
1,3,15.0,0,0,7.225,0,7.225,1,1,False,False,False,True,False,False,False,-1.061327440073581,-0.8217737386200644,-0.5609748304808925
0,3,20.0,0,0,9.8458,0,9.8458,1,1,True,False,True,False,True,False,False,-0.685301527784515,-0.6937432719501053,-0.5609748304808925
0,3,19.0,0,0,7.8958,0,7.8958,1,1,True,False,True,False,True,False,False,-0.7605067102423282,-0.7890040358414437,-0.5609748304808925
0,3,25.0,0,0,7.8958,0,7.8958,1,1,True,False,True,False,True,False,False,-0.3092756154954491,-0.7890040358414437,-0.5609748304808925
1,1,56.0,0,1,83.1583,1,65.6344,2,0,False,False,False,False,False,True,False,2.0220850406967594,2.0316232164746784,0.059159876663617626
1,2,25.0,0,1,26.0,0,26.0,2,0,False,False,True,False,False,True,False,-0.3092756154954491,0.0954164367952591,0.059159876663617626
0,3,33.0,0,0,7.8958,0,7.8958,1,1,True,False,True,False,True,False,False,0.29236584416705635,-0.7890040358414437,-0.5609748304808925
0,3,22.0,0,0,10.5167,0,10.5167,1,1,False,False,True,True,False,False,False,-0.5348911628688886,-0.6609686840041058,-0.5609748304808925
0,2,28.0,0,0,10.5,0,10.5,1,1,True,False,True,False,True,False,False,-0.08366006812200955,-0.661784506956406,-0.5609748304808925
0,3,25.0,0,0,7.05,0,7.05,1,1,True,False,True,False,True,False,False,-0.3092756154954491,-0.8303227815333896,-0.5609748304808925
0,3,39.0,0,5,29.125,0,29.125,6,0,False,True,False,False,False,True,False,0.7435969389139355,0.24807791739035287,2.5396987052416584
0,2,27.0,0,0,13.0,0,13.0,1,1,True,False,True,False,False,False,True,-0.15886525057982273,-0.539655322480331,-0.5609748304808925
1,1,19.0,0,0,30.0,1,30.0,1,1,False,False,True,True,False,False,False,-0.7605067102423282,0.2908231319569791,-0.5609748304808925
0,3,21.5,1,2,23.45,0,23.45,4,0,False,False,True,True,False,False,False,-0.5724937540977952,-0.029155331370337455,1.299429290952638
1,1,26.0,0,0,30.0,1,30.0,1,1,True,False,False,False,True,False,False,-0.23407043303763592,0.2908231319569791,-0.5609748304808925
0,3,32.0,0,0,7.75,0,7.75,1,1,True,True,False,False,True,False,False,0.2171606617092432,-0.7961266098800885,-0.5609748304808925
